language,comment_count,avg_length,emoji_rate,cpm,entropy,percentage,match,stream
other,1347,16.946547884187083,12.323682256867112,9.349836386256344,7.026284171271022,17.15923566878981,パリサンジェルマンvsインテルマイアミ,PSG_IntelMiami_France
fr,5278,46.17544524441076,9.586964759378553,36.63581027962953,8.570641655479697,67.23566878980893,パリサンジェルマンvsインテルマイアミ,PSG_IntelMiami_France
it,265,15.184905660377359,0.0,1.839425866635435,4.835531701288624,3.375796178343949,パリサンジェルマンvsインテルマイアミ,PSG_IntelMiami_France
es,142,20.070422535211268,0.0,0.9856546153291765,4.18077497244814,1.8089171974522293,パリサンジェルマンvsインテルマイアミ,PSG_IntelMiami_France
en,239,56.79497907949791,0.0,1.6589538948145999,4.254260522037602,3.0445859872611463,パリサンジェルマンvsインテルマイアミ,PSG_IntelMiami_France
pt,170,11.729411764705882,0.0,1.1800090465208453,4.356862975546775,2.1656050955414012,パリサンジェルマンvsインテルマイアミ,PSG_IntelMiami_France
nl,20,203.0,0.0,0.13882459370833472,-1.4426951601859516e-10,0.25477707006369427,パリサンジェルマンvsインテルマイアミ,PSG_IntelMiami_France
de,19,23.0,0.0,0.13188336402291798,2.3219280941660148,0.24203821656050956,パリサンジェルマンvsインテルマイアミ,PSG_IntelMiami_France
en,3150,56.91904761904762,18.6031746031746,24.077784409221426,9.109413231128965,36.61513425549227,パリサンジェルマンvsインテルマイアミ,PSG_IntelMiami_India
other,4213,37.86517920721576,12.010443864229766,32.20308117969837,9.12564816642148,48.971289085202834,パリサンジェルマンvsインテルマイアミ,PSG_IntelMiami_India
it,287,26.770034843205575,57.8397212543554,2.1937536906179522,4.778614754944398,3.336045565500407,パリサンジェルマンvsインテルマイアミ,PSG_IntelMiami_India
nl,84,28.535714285714285,11.904761904761903,0.6420742509125714,5.565635935796135,0.9764035801464606,パリサンジェルマンvsインテルマイアミ,PSG_IntelMiami_India
fr,102,22.38235294117647,10.784313725490197,0.7796615903938366,4.855957241803656,1.1856329187492736,パリサンジェルマンvsインテルマイアミ,PSG_IntelMiami_India
es,28,22.464285714285715,0.0,0.21402475030419046,4.472711313033804,0.32546786004882017,パリサンジェルマンvsインテルマイアミ,PSG_IntelMiami_India
de,232,57.793103448275865,10.344827586206897,1.7733479310918638,6.628554905622347,2.696733697547367,パリサンジェルマンvsインテルマイアミ,PSG_IntelMiami_India
pt,88,23.15909090909091,1.1363636363636365,0.6726492152417415,5.020581261800546,1.0228989887248634,パリサンジェルマンvsインテルマイアミ,PSG_IntelMiami_India
hi,91,72.42857142857143,56.043956043956044,0.695580438488619,5.429675533932323,1.0577705451586654,パリサンジェルマンvsインテルマイアミ,PSG_IntelMiami_India
other,2023,18.97676717745922,7.26643598615917,12.740086063821947,10.039044451746014,17.055897479133293,ブライトンvsマンチェスターシティ,Brighton v Man City LIVE Watchalong!_chat_log
en,7916,42.74178878221324,6.455280444669024,49.851963065355676,10.224201700272769,66.73973526684091,ブライトンvsマンチェスターシティ,Brighton v Man City LIVE Watchalong!_chat_log
ja,743,34.04845222072678,13.593539703903096,4.6791319552247685,9.651574863409097,6.264227299553157,ブライトンvsマンチェスターシティ,Brighton v Man City LIVE Watchalong!_chat_log
es,61,16.868852459016395,4.918032786885246,0.3841548442378343,6.863069848133367,0.5142905319956158,ブライトンvsマンチェスターシティ,Brighton v Man City LIVE Watchalong!_chat_log
it,116,20.24137931034483,6.0344827586206895,0.7305239660916193,7.5408793849613485,0.9779951100244498,ブライトンvsマンチェスターシティ,Brighton v Man City LIVE Watchalong!_chat_log
nl,251,25.808764940239044,3.9840637450199203,1.580702719732728,8.325333935254658,2.1161790742770425,ブライトンvsマンチェスターシティ,Brighton v Man City LIVE Watchalong!_chat_log
de,321,21.1588785046729,5.607476635514018,2.021536147546636,8.917964154804164,2.7063485372228313,ブライトンvsマンチェスターシティ,Brighton v Man City LIVE Watchalong!_chat_log
fr,165,16.921212121212122,5.454545454545454,1.039107365561355,7.1787353776737355,1.3911137340865019,ブライトンvsマンチェスターシティ,Brighton v Man City LIVE Watchalong!_chat_log
pt,134,17.17910447761194,5.223880597014925,0.8438811332437671,6.084963091018254,1.1297529719247956,ブライトンvsマンチェスターシティ,Brighton v Man City LIVE Watchalong!_chat_log
en,6452,45.43149411035338,4.696218226906386,50.15644073332182,9.958863220028276,69.44354751910451,ブライトンvsマンチェスターシティ,Brighton vs Man City LIVE Premier League WATCHALONG_chat_log
other,1478,20.711772665764546,5.615696887686062,11.489649628618979,9.592269701363339,15.907867829081907,ブライトンvsマンチェスターシティ,Brighton vs Man City LIVE Premier League WATCHALONG_chat_log
nl,146,28.184931506849313,0.684931506849315,1.134972155465745,7.808560268309817,1.5714131955656012,ブライトンvsマンチェスターシティ,Brighton vs Man City LIVE Premier League WATCHALONG_chat_log
de,258,22.670542635658915,3.10077519379845,2.0056357267819327,8.215089711697008,2.776880852437843,ブライトンvsマンチェスターシティ,Brighton vs Man City LIVE Premier League WATCHALONG_chat_log
ja,587,36.22316865417376,8.347529812606473,4.5632099675232345,9.48076147812139,6.3179420945000535,ブライトンvsマンチェスターシティ,Brighton vs Man City LIVE Premier League WATCHALONG_chat_log
it,72,24.72222222222222,1.3888888888888888,0.5597122958461208,7.248644099791708,0.7749434937035841,ブライトンvsマンチェスターシティ,Brighton vs Man City LIVE Premier League WATCHALONG_chat_log
pt,67,16.567164179104477,4.477611940298507,0.5208433864123624,6.4543425264286025,0.7211279733075019,ブライトンvsマンチェスターシティ,Brighton vs Man City LIVE Premier League WATCHALONG_chat_log
es,58,20.46551724137931,6.896551724137931,0.4508793494315973,6.385393758565527,0.6242600365945539,ブライトンvsマンチェスターシティ,Brighton vs Man City LIVE Premier League WATCHALONG_chat_log
fr,87,18.17241379310345,1.1494252873563218,0.676319024147396,6.580229513013605,0.9363900548918308,ブライトンvsマンチェスターシティ,Brighton vs Man City LIVE Premier League WATCHALONG_chat_log
en,6804,48.71516754850088,12.3015873015873,52.106892835067626,10.340070465794495,70.5443234836703,ブライトンvsマンチェスターシティ,Brighton vs. Manchester City _ LIVE Premier League Watch Along with @RantsNBantsClips_chat_log
other,1431,23.665269042627532,13.487071977638015,10.958989366105493,10.020080385411983,14.836702954898911,ブライトンvsマンチェスターシティ,Brighton vs. Manchester City _ LIVE Premier League Watch Along with @RantsNBantsClips_chat_log
fr,69,25.217391304347824,14.492753623188406,0.5284208709023612,7.198652803275833,0.7153965785381027,ブライトンvsマンチェスターシティ,Brighton vs. Manchester City _ LIVE Premier League Watch Along with @RantsNBantsClips_chat_log
pt,39,25.17948717948718,2.564102564102564,0.2986726661622042,6.595274868853762,0.4043545878693624,ブライトンvsマンチェスターシティ,Brighton vs. Manchester City _ LIVE Premier League Watch Along with @RantsNBantsClips_chat_log
ja,628,37.796178343949045,16.878980891719745,4.809395752560621,9.735330193585067,6.511145671332297,ブライトンvsマンチェスターシティ,Brighton vs. Manchester City _ LIVE Premier League Watch Along with @RantsNBantsClips_chat_log
de,223,28.228699551569505,15.246636771300448,1.7077949885685009,8.578451168960026,2.3120787973043027,ブライトンvsマンチェスターシティ,Brighton vs. Manchester City _ LIVE Premier League Watch Along with @RantsNBantsClips_chat_log
es,76,24.473684210526315,2.631578947368421,0.5820287853417313,6.7285358850364965,0.7879730430274753,ブライトンvsマンチェスターシティ,Brighton vs. Manchester City _ LIVE Premier League Watch Along with @RantsNBantsClips_chat_log
it,102,29.352941176470587,16.666666666666664,0.781143896116534,7.2262908306385185,1.0575427682737168,ブライトンvsマンチェスターシティ,Brighton vs. Manchester City _ LIVE Premier League Watch Along with @RantsNBantsClips_chat_log
nl,176,23.926136363636363,11.363636363636363,1.3478561344755882,7.77969075580261,1.8247796785899428,ブライトンvsマンチェスターシティ,Brighton vs. Manchester City _ LIVE Premier League Watch Along with @RantsNBantsClips_chat_log
en,5913,36.31202435312024,8.37138508371385,46.35882727908967,10.352797302009954,63.260939338825295,ブライトンvsマンチェスターシティ,Super Sunday LIVE_ Brighton vs Man City _ Nottingham Forest LIVE Premier League Watch Along_chat_log
it,165,19.078787878787878,8.484848484848486,1.29362531727546,7.562454822148908,1.7652722798758962,ブライトンvsマンチェスターシティ,Super Sunday LIVE_ Brighton vs Man City _ Nottingham Forest LIVE Premier League Watch Along_chat_log
ko,10,30.9,30.0,0.07840153438033091,5.818549756402128,0.10698619878035734,ブライトンvsマンチェスターシティ,Super Sunday LIVE_ Brighton vs Man City _ Nottingham Forest LIVE Premier League Watch Along_chat_log
other,1852,17.639848812095032,9.1792656587473,14.519964167237285,10.165280640437073,19.81384401412218,ブライトンvsマンチェスターシティ,Super Sunday LIVE_ Brighton vs Man City _ Nottingham Forest LIVE Premier League Watch Along_chat_log
de,336,18.077380952380953,5.357142857142857,2.6342915551791184,8.917958478088464,3.5947362790200064,ブライトンvsマンチェスターシティ,Super Sunday LIVE_ Brighton vs Man City _ Nottingham Forest LIVE Premier League Watch Along_chat_log
ja,612,28.148692810457515,11.11111111111111,4.798173904076251,9.707812693753532,6.547555365357868,ブライトンvsマンチェスターシティ,Super Sunday LIVE_ Brighton vs Man City _ Nottingham Forest LIVE Premier League Watch Along_chat_log
nl,191,27.18848167539267,9.947643979057592,1.4974693066643203,8.201327985252885,2.0434363967048252,ブライトンvsマンチェスターシティ,Super Sunday LIVE_ Brighton vs Man City _ Nottingham Forest LIVE Premier League Watch Along_chat_log
fr,74,21.2027027027027,9.45945945945946,0.5801713544144488,7.4952969133404945,0.7916978709746442,ブライトンvsマンチェスターシティ,Super Sunday LIVE_ Brighton vs Man City _ Nottingham Forest LIVE Premier League Watch Along_chat_log
es,45,12.844444444444445,6.666666666666667,0.3528069047114891,6.210358841867184,0.481437894511608,ブライトンvsマンチェスターシティ,Super Sunday LIVE_ Brighton vs Man City _ Nottingham Forest LIVE Premier League Watch Along_chat_log
pt,55,20.272727272727273,5.454545454545454,0.43120843909182,6.758730180657807,0.5884240932919653,ブライトンvsマンチェスターシティ,Super Sunday LIVE_ Brighton vs Man City _ Nottingham Forest LIVE Premier League Watch Along_chat_log
en,4787,38.882180906622104,8.355964069354501,47.34543125995777,9.127285550651877,66.12791822074873,ブライトンvsマンチェスターシティ,Watch My Brother LIVE! - Brighton vs Man City Stream_chat_log
other,1273,17.746268656716417,4.948939512961508,12.590502192171765,8.889966050006734,17.585301837270343,ブライトンvsマンチェスターシティ,Watch My Brother LIVE! - Brighton vs Man City Stream_chat_log
ja,569,27.77504393673111,8.963093145869948,5.627647876940876,8.80258894114812,7.860201685315651,ブライトンvsマンチェスターシティ,Watch My Brother LIVE! - Brighton vs Man City Stream_chat_log
es,61,24.672131147540984,1.639344262295082,0.6033155017458584,6.122336584368436,0.8426578256665285,ブライトンvsマンチェスターシティ,Watch My Brother LIVE! - Brighton vs Man City Stream_chat_log
it,128,17.296875,0.78125,1.2659735118601618,6.473159534549609,1.7682000276281256,ブライトンvsマンチェスターシティ,Watch My Brother LIVE! - Brighton vs Man City Stream_chat_log
fr,55,14.10909090909091,1.8181818181818181,0.5439729933774133,5.738487145165094,0.7597734493714602,ブライトンvsマンチェスターシティ,Watch My Brother LIVE! - Brighton vs Man City Stream_chat_log
de,141,28.21985815602837,3.546099290780142,1.3945489466584595,7.250643288205817,1.9477828429341069,ブライトンvsマンチェスターシティ,Watch My Brother LIVE! - Brighton vs Man City Stream_chat_log
pt,46,14.043478260869565,2.1739130434782608,0.45495923082474565,5.4400183600854515,0.6354468849288576,ブライトンvsマンチェスターシティ,Watch My Brother LIVE! - Brighton vs Man City Stream_chat_log
nl,87,18.49425287356322,8.045977011494253,0.8604663713424537,6.539425130103856,1.2018234562784915,ブライトンvsマンチェスターシティ,Watch My Brother LIVE! - Brighton vs Man City Stream_chat_log
en,1128,9.195921985815604,98.75886524822694,10.800728197159696,9.726339798215974,14.417177914110429,ブライトンvsマンチェスターシティ,【プレミア第3節】ブライトンvsマンチェスターシティ雑談配信（映像なし）_chat_log
ja,6076,12.086899275839368,99.9012508229098,58.1783905371829,11.74868429721882,77.65848670756647,ブライトンvsマンチェスターシティ,【プレミア第3節】ブライトンvsマンチェスターシティ雑談配信（映像なし）_chat_log
ko,60,5.783333333333333,98.33333333333333,0.5745068189978562,5.733831074146847,0.7668711656441718,ブライトンvsマンチェスターシティ,【プレミア第3節】ブライトンvsマンチェスターシティ雑談配信（映像なし）_chat_log
it,21,5.761904761904762,95.23809523809523,0.20107738664924965,4.459431615463367,0.2684049079754601,ブライトンvsマンチェスターシティ,【プレミア第3節】ブライトンvsマンチェスターシティ雑談配信（映像なし）_chat_log
de,47,9.148936170212766,95.74468085106383,0.45003034154832067,5.493614951703439,0.6007157464212679,ブライトンvsマンチェスターシティ,【プレミア第3節】ブライトンvsマンチェスターシティ雑談配信（映像なし）_chat_log
es,11,11.636363636363637,100.0,0.10532625014960696,3.4594316170503334,0.14059304703476483,ブライトンvsマンチェスターシティ,【プレミア第3節】ブライトンvsマンチェスターシティ雑談配信（映像なし）_chat_log
other,318,10.176100628930818,94.0251572327044,3.0448861406886376,8.16968138960437,4.064417177914111,ブライトンvsマンチェスターシティ,【プレミア第3節】ブライトンvsマンチェスターシティ雑談配信（映像なし）_chat_log
zh,15,4.066666666666666,100.0,0.14362670474946404,3.4565647603997194,0.19171779141104295,ブライトンvsマンチェスターシティ,【プレミア第3節】ブライトンvsマンチェスターシティ雑談配信（映像なし）_chat_log
fr,18,9.055555555555555,94.44444444444444,0.17235204569935686,4.169924998845461,0.23006134969325154,ブライトンvsマンチェスターシティ,【プレミア第3節】ブライトンvsマンチェスターシティ雑談配信（映像なし）_chat_log
nl,27,7.851851851851852,100.0,0.25852806854903526,4.640223925046575,0.3450920245398773,ブライトンvsマンチェスターシティ,【プレミア第3節】ブライトンvsマンチェスターシティ雑談配信（映像なし）_chat_log
pt,14,14.714285714285714,85.71428571428571,0.13405159109949977,4.349191767741109,0.17893660531697342,ブライトンvsマンチェスターシティ,【プレミア第3節】ブライトンvsマンチェスターシティ雑談配信（映像なし）_chat_log
ja,7557,11.686648140796612,99.76181024215958,57.93989323500646,11.35280876607008,78.35147744945567,ブライトンvsマンチェスターシティ,【同時視聴】プレミアリーグ25-26シーズン第3節 ブライトンVSマンチェスターC見るぞ！！！！【※試合映像無し】_chat_log
en,1342,10.27645305514158,96.94485842026825,10.28918045803608,9.732486486545186,13.913945049248316,ブライトンvsマンチェスターシティ,【同時視聴】プレミアリーグ25-26シーズン第3節 ブライトンVSマンチェスターC見るぞ！！！！【※試合映像無し】_chat_log
pt,16,9.0625,100.0,0.12267279234618278,3.9999999976916882,0.16588906168999482,ブライトンvsマンチェスターシティ,【同時視聴】プレミアリーグ25-26シーズン第3節 ブライトンVSマンチェスターC見るぞ！！！！【※試合映像無し】_chat_log
ko,98,5.3979591836734695,100.0,0.7513708531203696,5.605588887162839,1.0160705028512182,ブライトンvsマンチェスターシティ,【同時視聴】プレミアリーグ25-26シーズン第3節 ブライトンVSマンチェスターC見るぞ！！！！【※試合映像無し】_chat_log
other,355,9.490140845070423,89.5774647887324,2.7218025801809307,8.125224845590509,3.68066355624676,ブライトンvsマンチェスターシティ,【同時視聴】プレミアリーグ25-26シーズン第3節 ブライトンVSマンチェスターC見るぞ！！！！【※試合映像無し】_chat_log
nl,37,9.81081081081081,97.2972972972973,0.2836808323005477,5.209453360290981,0.383618455158113,ブライトンvsマンチェスターシティ,【同時視聴】プレミアリーグ25-26シーズン第3節 ブライトンVSマンチェスターC見るぞ！！！！【※試合映像無し】_chat_log
it,24,7.875,100.0,0.18400918851927417,4.584962497258688,0.2488335925349922,ブライトンvsマンチェスターシティ,【同時視聴】プレミアリーグ25-26シーズン第3節 ブライトンVSマンチェスターC見るぞ！！！！【※試合映像無し】_chat_log
es,10,11.7,100.0,0.07667049521636424,3.3219280934446673,0.10368066355624676,ブライトンvsマンチェスターシティ,【同時視聴】プレミアリーグ25-26シーズン第3節 ブライトンVSマンチェスターC見るぞ！！！！【※試合映像無し】_chat_log
zh,20,4.1,100.0,0.15334099043272847,3.246439343084051,0.20736132711249353,ブライトンvsマンチェスターシティ,【同時視聴】プレミアリーグ25-26シーズン第3節 ブライトンVSマンチェスターC見るぞ！！！！【※試合映像無し】_chat_log
de,53,8.18867924528302,94.33962264150944,0.40635362464673047,5.638205588674068,0.5495075168481078,ブライトンvsマンチェスターシティ,【同時視聴】プレミアリーグ25-26シーズン第3節 ブライトンVSマンチェスターC見るぞ！！！！【※試合映像無し】_chat_log
fr,19,10.052631578947368,100.0,0.14567394091109206,4.321928092001972,0.19699326075686882,ブライトンvsマンチェスターシティ,【同時視聴】プレミアリーグ25-26シーズン第3節 ブライトンVSマンチェスターC見るぞ！！！！【※試合映像無し】_chat_log
other,16,12.5625,87.5,0.5703310040385388,3.8749999978359577,5.369127516778524,ブライトンvsマンチェスターシティ,三笘スタメン🇯🇵ブライトン×ボーンマス＆久保建英所属🇯🇵ソシエダ×レアルマドリー【２試合同時リアルタイム分析】※雑談もします_LACSXJ1WkOU_chat_log
ja,233,16.793991416309012,100.0,8.305445246311221,7.842474359902983,78.18791946308725,ブライトンvsマンチェスターシティ,三笘スタメン🇯🇵ブライトン×ボーンマス＆久保建英所属🇯🇵ソシエダ×レアルマドリー【２試合同時リアルタイム分析】※雑談もします_LACSXJ1WkOU_chat_log
en,38,14.131578947368421,97.36842105263158,1.3545361345915297,5.247927507961347,12.751677852348994,ブライトンvsマンチェスターシティ,三笘スタメン🇯🇵ブライトン×ボーンマス＆久保建英所属🇯🇵ソシエダ×レアルマドリー【２試合同時リアルタイム分析】※雑談もします_LACSXJ1WkOU_chat_log
pt,7342,49.605012258240265,8.662489784799781,37.25153247814997,9.842814936048523,58.41820496499045,ブラジルvs日本,Bra
other,2627,18.00228397411496,8.526836695850779,13.32876271044674,9.183697367404232,20.902291534054743,ブラジルvs日本,Bra
en,606,83.67821782178218,6.435643564356436,3.07469745052559,8.809171409756624,4.821769573520051,ブラジルvs日本,Bra
es,284,28.60211267605634,10.211267605633804,1.4409473200482963,7.309654176960185,2.259707192870783,ブラジルvs日本,Bra
de,400,24.6925,10.5,2.029503267673657,7.837017825133444,3.1826861871419476,ブラジルvs日本,Bra
nl,139,47.94244604316547,24.46043165467626,0.7052523855165957,6.086840096331649,1.1059834500318269,ブラジルvs日本,Bra
it,244,24.34016393442623,3.6885245901639343,1.2379969932809307,6.999390062871843,1.941438574156588,ブラジルvs日本,Bra
ja,32,17.125,100.0,0.16236026141389254,1.9627961966151846,0.2546148949713558,ブラジルvs日本,Bra
fr,152,25.80921052631579,7.894736842105263,0.7712112417159896,6.573653656723817,1.20942075111394,ブラジルvs日本,Bra
ja,8578,16.411168104453253,100.0,55.29096048819636,11.373003083533941,93.58498799912721,ブラジルvs日本,Ja_abema
other,32,9.65625,81.25,0.20626145204270036,4.27137063120492,0.3491162993672267,ブラジルvs日本,Ja_abema
ko,150,9.613333333333333,100.0,0.9668505564501579,6.411463481645825,1.6364826532838752,ブラジルvs日本,Ja_abema
en,21,50.523809523809526,28.57142857142857,0.13535907790302212,3.9701755190117636,0.2291075714597425,ブラジルvs日本,Ja_abema
zh,114,6.201754385964913,100.0,0.7348064229021201,5.072192709547155,1.2437268164957451,ブラジルvs日本,Ja_abema
ja,9832,14.46206265256306,100.0,58.35998035638991,12.066124096555704,95.34522885958107,ブラジルvs日本,Ja_goat
ko,175,5.942857142857143,100.0,1.0387506674499831,6.6027837988690985,1.6970519782777347,ブラジルvs日本,Ja_goat
zh,66,5.378787878787879,100.0,0.3917573945811365,5.314679912586055,0.6400310318076028,ブラジルvs日本,Ja_goat
other,20,12.15,90.0,0.11871436199428378,4.228062049974946,0.1939487975174554,ブラジルvs日本,Ja_goat
de,197,14.426395939086294,3.0456852791878175,1.6620618493187984,6.899379502053719,2.643585614600107,ブラジルvs日本,UK
en,4546,41.21997360316762,9.61284645842499,38.35397546702161,9.95778731352446,61.00375738056898,ブラジルvs日本,UK
other,1767,16.637804187889078,9.111488398415393,14.907935470793488,9.435931806321523,23.711755233494365,ブラジルvs日本,UK
nl,95,20.63157894736842,7.368421052631578,0.8015019070319079,6.453254747208792,1.274825550187869,ブラジルvs日本,UK
fr,50,13.56,16.0,0.42184310896416205,5.283728245906843,0.6709608158883521,ブラジルvs日本,UK
it,214,17.96728971962617,15.42056074766355,1.8054885063666135,6.852539660559554,2.871712292002147,ブラジルvs日本,UK
pt,177,14.333333333333334,8.47457627118644,1.4933246057331337,6.566422703582915,2.375201288244767,ブラジルvs日本,UK
es,77,21.467532467532468,10.38961038961039,0.6496383878048095,5.684695548903395,1.0332796564680624,ブラジルvs日本,UK
ja,28,11.178571428571429,100.0,0.23623214101993076,2.0445604056101567,0.3757380568974772,ブラジルvs日本,UK
en,3558,40.397133220910625,10.370994940978077,39.29357411674271,10.107892263405109,60.03036949552894,リーズユナイテッドvsスパーズ,LEEDS VS TOTTENHAM LIVE _ PREMIER LEAGUE WATCHALONG with EXPRESSIONS_chat_log
other,1389,17.290136789056877,10.655147588192944,15.339734246249474,9.346905725108442,23.435127383161802,リーズユナイテッドvsスパーズ,LEEDS VS TOTTENHAM LIVE _ PREMIER LEAGUE WATCHALONG with EXPRESSIONS_chat_log
nl,122,21.024590163934427,9.01639344262295,1.3473344694329992,6.774587186543295,2.0583769191833983,リーズユナイテッドvsスパーズ,LEEDS VS TOTTENHAM LIVE _ PREMIER LEAGUE WATCHALONG with EXPRESSIONS_chat_log
pt,58,10.827586206896552,6.896551724137931,0.640536059238639,5.095401144412406,0.97857263371014,リーズユナイテッドvsスパーズ,LEEDS VS TOTTENHAM LIVE _ PREMIER LEAGUE WATCHALONG with EXPRESSIONS_chat_log
it,116,14.0,6.0344827586206895,1.281072118477278,6.234353386848751,1.95714526742028,リーズユナイテッドvsスパーズ,LEEDS VS TOTTENHAM LIVE _ PREMIER LEAGUE WATCHALONG with EXPRESSIONS_chat_log
de,178,19.65730337078652,7.303370786516854,1.9657830783530643,7.594368787143994,3.0032056689724986,リーズユナイテッドvsスパーズ,LEEDS VS TOTTENHAM LIVE _ PREMIER LEAGUE WATCHALONG with EXPRESSIONS_chat_log
fr,85,15.223529411764705,3.5294117647058822,0.9387166385393847,5.920393914648756,1.4341150666441709,リーズユナイテッドvsスパーズ,LEEDS VS TOTTENHAM LIVE _ PREMIER LEAGUE WATCHALONG with EXPRESSIONS_chat_log
es,55,10.927272727272728,7.2727272727272725,0.6074048837607783,4.964742051407183,0.927956807828581,リーズユナイテッドvsスパーズ,LEEDS VS TOTTENHAM LIVE _ PREMIER LEAGUE WATCHALONG with EXPRESSIONS_chat_log
en,4504,51.631660746003554,3.685612788632327,49.93887813207639,9.688733299400909,71.04100946372239,リーズユナイテッドvsスパーズ,LEEDS VS TOTTENHAM _ THE CLUB LIVE_chat_log
es,81,8.802469135802468,0.0,0.8981014939383187,3.55346311536519,1.2776025236593058,リーズユナイテッドvsスパーズ,LEEDS VS TOTTENHAM _ THE CLUB LIVE_chat_log
other,1112,14.81025179856115,1.618705035971223,12.329492114313709,8.176083387628418,17.53943217665615,リーズユナイテッドvsスパーズ,LEEDS VS TOTTENHAM _ THE CLUB LIVE_chat_log
nl,184,22.516304347826086,3.804347826086957,2.040131788699391,6.034791973456696,2.902208201892744,リーズユナイテッドvsスパーズ,LEEDS VS TOTTENHAM _ THE CLUB LIVE_chat_log
de,232,15.560344827586206,2.586206896551724,2.5723400814035795,6.107676279375265,3.659305993690852,リーズユナイテッドvsスパーズ,LEEDS VS TOTTENHAM _ THE CLUB LIVE_chat_log
it,78,11.14102564102564,0.0,0.8648384756443069,4.018380372311931,1.2302839116719244,リーズユナイテッドvsスパーズ,LEEDS VS TOTTENHAM _ THE CLUB LIVE_chat_log
fr,53,9.60377358490566,0.0,0.5876466565275419,3.960042377873378,0.8359621451104101,リーズユナイテッドvsスパーズ,LEEDS VS TOTTENHAM _ THE CLUB LIVE_chat_log
pt,29,18.20689655172414,0.0,0.32154251017544744,3.5595705776933944,0.4574132492113565,リーズユナイテッドvsスパーズ,LEEDS VS TOTTENHAM _ THE CLUB LIVE_chat_log
en,4321,43.70076371210368,8.562832677620921,46.85486915781311,9.962435609601133,70.37459283387622,リーズユナイテッドvsスパーズ,Leeds United vs Tottenham Hotspur LIVE Watchalong _ Premier League 2025_26_chat_log
nl,256,19.33203125,1.171875,2.7759422597547228,6.372967639980805,4.169381107491857,リーズユナイテッドvsスパーズ,Leeds United vs Tottenham Hotspur LIVE Watchalong _ Premier League 2025_26_chat_log
other,1024,16.1240234375,6.8359375,11.103769039018891,8.846690460649427,16.677524429967427,リーズユナイテッドvsスパーズ,Leeds United vs Tottenham Hotspur LIVE Watchalong _ Premier League 2025_26_chat_log
es,20,12.3,0.0,0.21687048904333772,3.4288155570560286,0.32573289902280134,リーズユナイテッドvsスパーズ,Leeds United vs Tottenham Hotspur LIVE Watchalong _ Premier League 2025_26_chat_log
fr,77,18.792207792207794,20.77922077922078,0.8349513828168502,5.772042586142161,1.2540716612377851,リーズユナイテッドvsスパーズ,Leeds United vs Tottenham Hotspur LIVE Watchalong _ Premier League 2025_26_chat_log
it,33,12.818181818181818,3.0303030303030303,0.3578363069215072,4.87979007749062,0.5374592833876222,リーズユナイテッドvsスパーズ,Leeds United vs Tottenham Hotspur LIVE Watchalong _ Premier League 2025_26_chat_log
de,238,16.247899159663866,3.361344537815126,2.5807588196157187,6.9116314579777836,3.876221498371336,リーズユナイテッドvsスパーズ,Leeds United vs Tottenham Hotspur LIVE Watchalong _ Premier League 2025_26_chat_log
pt,63,13.238095238095237,6.349206349206349,0.6831420404865138,5.296359270800823,1.0260586319218241,リーズユナイテッドvsスパーズ,Leeds United vs Tottenham Hotspur LIVE Watchalong _ Premier League 2025_26_chat_log
ja,5823,23.605014597286623,100.0,56.73464300957264,9.261484015348266,95.05386875612145,リーズユナイテッドvsスパーズ,高井幸大所属🇯🇵スパーズ×田中碧所属🇯🇵リーズ【リアルタイム分析】※雑談もします_chat_log
en,21,78.33333333333333,100.0,0.204607161806805,2.521928094021745,0.3428011753183154,リーズユナイテッドvsスパーズ,高井幸大所属🇯🇵スパーズ×田中碧所属🇯🇵リーズ【リアルタイム分析】※雑談もします_chat_log
pt,13,3.0,0.0,0.12666157635659359,-1.4426951601859516e-10,0.21221025138752855,リーズユナイテッドvsスパーズ,高井幸大所属🇯🇵スパーズ×田中碧所属🇯🇵リーズ【リアルタイム分析】※雑談もします_chat_log
it,14,4.0,0.0,0.13640477453787,-1.4426951601859516e-10,0.22853411687887693,リーズユナイテッドvsスパーズ,高井幸大所属🇯🇵スパーズ×田中碧所属🇯🇵リーズ【リアルタイム分析】※雑談もします_chat_log
zh,24,4.041666666666667,100.0,0.23383675635063428,1.577428772480679,0.3917727717923604,リーズユナイテッドvsスパーズ,高井幸大所属🇯🇵スパーズ×田中碧所属🇯🇵リーズ【リアルタイム分析】※雑談もします_chat_log
ko,25,7.36,100.0,0.24357995453191073,1.9215419327588497,0.40809663728370876,リーズユナイテッドvsスパーズ,高井幸大所属🇯🇵スパーズ×田中碧所属🇯🇵リーズ【リアルタイム分析】※雑談もします_chat_log
other,23,8.869565217391305,26.08695652173913,0.22409355816935786,2.3183692533115843,0.3754489063010121,リーズユナイテッドvsスパーズ,高井幸大所属🇯🇵スパーズ×田中碧所属🇯🇵リーズ【リアルタイム分析】※雑談もします_chat_log
en,14,58.57142857142857,0.0,0.4112449020025723,5.2311406704256616,3.674540682414698,レアルソシエダvsレアルマドリード,⚽JORNADA 4 LaLiga - Real Sociedad 🆚 Real Madrid 🔥_eB2XtdJ52ao_chat_log
other,100,13.16,1.0,2.9374635857326594,7.16270019792467,26.246719160104988,レアルソシエダvsレアルマドリード,⚽JORNADA 4 LaLiga - Real Sociedad 🆚 Real Madrid 🔥_eB2XtdJ52ao_chat_log
es,209,43.0,7.655502392344498,6.139298894181258,8.437125736080516,54.85564304461942,レアルソシエダvsレアルマドリード,⚽JORNADA 4 LaLiga - Real Sociedad 🆚 Real Madrid 🔥_eB2XtdJ52ao_chat_log
pt,17,12.235294117647058,0.0,0.4993688095745521,5.046457182442712,4.4619422572178475,レアルソシエダvsレアルマドリード,⚽JORNADA 4 LaLiga - Real Sociedad 🆚 Real Madrid 🔥_eB2XtdJ52ao_chat_log
it,17,15.235294117647058,0.0,0.4993688095745521,5.6332096484835095,4.4619422572178475,レアルソシエダvsレアルマドリード,⚽JORNADA 4 LaLiga - Real Sociedad 🆚 Real Madrid 🔥_eB2XtdJ52ao_chat_log
es,169,32.77514792899408,7.100591715976331,8.580337093723323,7.617346052875618,37.389380530973455,レアルソシエダvsレアルマドリード,✅ Real Sociedad vs Real Madrid [En Vivo] 🏆 La Liga de España - Jornada 4_0fOOZ2_53_0_chat_log
other,179,13.994413407821229,10.614525139664805,9.088049347789791,6.1762907310935145,39.60176991150443,レアルソシエダvsレアルマドリード,✅ Real Sociedad vs Real Madrid [En Vivo] 🏆 La Liga de España - Jornada 4_0fOOZ2_53_0_chat_log
de,19,25.473684210526315,5.263157894736842,0.9646532827262908,5.700293496590804,4.20353982300885,レアルソシエダvsレアルマドリード,✅ Real Sociedad vs Real Madrid [En Vivo] 🏆 La Liga de España - Jornada 4_0fOOZ2_53_0_chat_log
en,30,69.56666666666666,6.666666666666667,1.5231367621994065,5.726648997632937,6.637168141592921,レアルソシエダvsレアルマドリード,✅ Real Sociedad vs Real Madrid [En Vivo] 🏆 La Liga de España - Jornada 4_0fOOZ2_53_0_chat_log
pt,19,47.05263157894737,21.052631578947366,0.9646532827262908,4.729974269328716,4.20353982300885,レアルソシエダvsレアルマドリード,✅ Real Sociedad vs Real Madrid [En Vivo] 🏆 La Liga de España - Jornada 4_0fOOZ2_53_0_chat_log
fr,725,38.79034482758621,7.448275862068964,27.163971637349114,9.122913447091356,32.77576853526221,レアルソシエダvsレアルマドリード,🔴 REAL SOCIEDAD - REAL MADRID LIVE _ 🔥MBAPPE EN GRANDE FORME ! L'AVANT LDC CONTRE L'OM 👀😂 _ LIGA_w3ZOQ3PcF6M_chat_log
other,678,15.654867256637168,6.637168141592921,25.40299692430717,8.467284605228786,30.65099457504521,レアルソシエダvsレアルマドリード,🔴 REAL SOCIEDAD - REAL MADRID LIVE _ 🔥MBAPPE EN GRANDE FORME ! L'AVANT LDC CONTRE L'OM 👀😂 _ LIGA_w3ZOQ3PcF6M_chat_log
pt,26,15.76923076923077,3.8461538461538463,0.9741562242359681,6.037491991011454,1.1754068716094033,レアルソシエダvsレアルマドリード,🔴 REAL SOCIEDAD - REAL MADRID LIVE _ 🔥MBAPPE EN GRANDE FORME ! L'AVANT LDC CONTRE L'OM 👀😂 _ LIGA_w3ZOQ3PcF6M_chat_log
en,262,97.7824427480916,4.961832061068702,9.816497336531679,7.596462722686605,11.844484629294756,レアルソシエダvsレアルマドリード,🔴 REAL SOCIEDAD - REAL MADRID LIVE _ 🔥MBAPPE EN GRANDE FORME ! L'AVANT LDC CONTRE L'OM 👀😂 _ LIGA_w3ZOQ3PcF6M_chat_log
it,115,18.330434782608695,2.608695652173913,4.308767914889859,5.537611072467004,5.198915009041592,レアルソシエダvsレアルマドリード,🔴 REAL SOCIEDAD - REAL MADRID LIVE _ 🔥MBAPPE EN GRANDE FORME ! L'AVANT LDC CONTRE L'OM 👀😂 _ LIGA_w3ZOQ3PcF6M_chat_log
es,83,20.349397590361445,7.228915662650602,3.1098064081378984,5.908608296204196,3.752260397830018,レアルソシエダvsレアルマドリード,🔴 REAL SOCIEDAD - REAL MADRID LIVE _ 🔥MBAPPE EN GRANDE FORME ! L'AVANT LDC CONTRE L'OM 👀😂 _ LIGA_w3ZOQ3PcF6M_chat_log
nl,26,53.38461538461539,3.8461538461538463,0.9741562242359681,5.515061005133863,1.1754068716094033,レアルソシエダvsレアルマドリード,🔴 REAL SOCIEDAD - REAL MADRID LIVE _ 🔥MBAPPE EN GRANDE FORME ! L'AVANT LDC CONTRE L'OM 👀😂 _ LIGA_w3ZOQ3PcF6M_chat_log
de,75,13.373333333333333,1.3333333333333335,2.8100660314499084,6.053360176309786,3.390596745027125,レアルソシエダvsレアルマドリード,🔴 REAL SOCIEDAD - REAL MADRID LIVE _ 🔥MBAPPE EN GRANDE FORME ! L'AVANT LDC CONTRE L'OM 👀😂 _ LIGA_w3ZOQ3PcF6M_chat_log
en,1756,53.94020501138952,6.719817767653759,9.386361181951996,9.845012220026256,37.58561643835616,レアルマドリードvsバルセロナ,REAL MADRID VS BARCELONA _ EL CLASICO LIVE REACTION!_chat_log
other,2036,18.13457760314342,5.893909626719057,10.883047475201744,10.305065128355146,43.57876712328767,レアルマドリードvsバルセロナ,REAL MADRID VS BARCELONA _ EL CLASICO LIVE REACTION!_chat_log
pt,101,16.316831683168317,1.9801980198019802,0.5398761272079451,6.081360186636163,2.1618150684931505,レアルマドリードvsバルセロナ,REAL MADRID VS BARCELONA _ EL CLASICO LIVE REACTION!_chat_log
de,114,16.12280701754386,5.263157894736842,0.6093651336802548,7.475616453327017,2.440068493150685,レアルマドリードvsバルセロナ,REAL MADRID VS BARCELONA _ EL CLASICO LIVE REACTION!_chat_log
es,61,15.032786885245901,11.475409836065573,0.32606379960083814,6.590863298117892,1.3056506849315068,レアルマドリードvsバルセロナ,REAL MADRID VS BARCELONA _ EL CLASICO LIVE REACTION!_chat_log
it,123,13.1869918699187,4.878048780487805,0.6574729073918539,7.245076259306579,2.632705479452055,レアルマドリードvsバルセロナ,REAL MADRID VS BARCELONA _ EL CLASICO LIVE REACTION!_chat_log
fr,57,12.771929824561404,7.017543859649122,0.3046825668401274,6.538328379127512,1.2200342465753424,レアルマドリードvsバルセロナ,REAL MADRID VS BARCELONA _ EL CLASICO LIVE REACTION!_chat_log
nl,63,19.825396825396826,6.349206349206349,0.3367544159811935,7.092271313420523,1.3484589041095891,レアルマドリードvsバルセロナ,REAL MADRID VS BARCELONA _ EL CLASICO LIVE REACTION!_chat_log
other,1550,20.041290322580647,10.903225806451614,8.509220493150103,9.373560149033581,31.906134211609714,レアルマドリードvsバルセロナ,REAL MADRID VS FC BARCELONA EN DIRECTO _ EL CLÁSICO _ LALIGA _ Tiempo de Juego COPE _ EN VIVO_chat_log
es,2002,41.81768231768232,7.442557442557443,10.990618985346133,9.424249525504813,41.210374639769455,レアルマドリードvsバルセロナ,REAL MADRID VS FC BARCELONA EN DIRECTO _ EL CLÁSICO _ LALIGA _ Tiempo de Juego COPE _ EN VIVO_chat_log
de,164,21.25609756097561,9.75609756097561,0.9003304263720109,7.278721628225974,3.37587484561548,レアルマドリードvsバルセロナ,REAL MADRID VS FC BARCELONA EN DIRECTO _ EL CLÁSICO _ LALIGA _ Tiempo de Juego COPE _ EN VIVO_chat_log
pt,357,29.58263305322129,7.563025210084033,1.9598656232610236,8.32805051663157,7.348703170028818,レアルマドリードvsバルセロナ,REAL MADRID VS FC BARCELONA EN DIRECTO _ EL CLÁSICO _ LALIGA _ Tiempo de Juego COPE _ EN VIVO_chat_log
it,209,20.220095693779903,6.220095693779904,1.1473723116570138,7.644936675141851,4.3021819678880195,レアルマドリードvsバルセロナ,REAL MADRID VS FC BARCELONA EN DIRECTO _ EL CLÁSICO _ LALIGA _ Tiempo de Juego COPE _ EN VIVO_chat_log
en,289,77.07266435986159,10.726643598615917,1.586557885497019,7.822743892076133,5.948950185261424,レアルマドリードvsバルセロナ,REAL MADRID VS FC BARCELONA EN DIRECTO _ EL CLÁSICO _ LALIGA _ Tiempo de Juego COPE _ EN VIVO_chat_log
fr,49,23.163265306122447,12.244897959183673,0.26900116397700324,5.636014775111088,1.0086455331412103,レアルマドリードvsバルセロナ,REAL MADRID VS FC BARCELONA EN DIRECTO _ EL CLÁSICO _ LALIGA _ Tiempo de Juego COPE _ EN VIVO_chat_log
nl,30,31.333333333333332,0.0,0.164694590190002,5.280653764663766,0.6175380815150268,レアルマドリードvsバルセロナ,REAL MADRID VS FC BARCELONA EN DIRECTO _ EL CLÁSICO _ LALIGA _ Tiempo de Juego COPE _ EN VIVO_chat_log
other,2092,25.492351816443595,10.755258126195029,9.472327202662555,10.211071874415506,31.851400730816078,レアルマドリードvsバルセロナ,Real Madrid vs Barcelona El Clasico Watchalong LaLiga LIVE _ TFHD_chat_log
en,3561,71.20134793597305,8.733501825329963,16.12378449745763,9.987403415918665,54.21741778319124,レアルマドリードvsバルセロナ,Real Madrid vs Barcelona El Clasico Watchalong LaLiga LIVE _ TFHD_chat_log
nl,146,32.63013698630137,6.8493150684931505,0.6610706365146908,7.721792764814053,2.2228989037758833,レアルマドリードvsバルセロナ,Real Madrid vs Barcelona El Clasico Watchalong LaLiga LIVE _ TFHD_chat_log
fr,62,19.29032258064516,8.064516129032258,0.2807286264651427,6.750609491699304,0.9439707673568819,レアルマドリードvsバルセロナ,Real Madrid vs Barcelona El Clasico Watchalong LaLiga LIVE _ TFHD_chat_log
de,178,25.286516853932586,10.674157303370785,0.8059628308192806,8.305920738035171,2.710109622411693,レアルマドリードvsバルセロナ,Real Madrid vs Barcelona El Clasico Watchalong LaLiga LIVE _ TFHD_chat_log
it,118,19.24576271186441,6.779661016949152,0.5342899664981747,7.342040252443615,1.7965895249695492,レアルマドリードvsバルセロナ,Real Madrid vs Barcelona El Clasico Watchalong LaLiga LIVE _ TFHD_chat_log
es,112,17.142857142857142,7.142857142857142,0.5071226800660642,7.00635591833885,1.705237515225335,レアルマドリードvsバルセロナ,Real Madrid vs Barcelona El Clasico Watchalong LaLiga LIVE _ TFHD_chat_log
pt,96,13.125,6.25,0.43467658291376926,6.3715537426049185,1.46163215590743,レアルマドリードvsバルセロナ,Real Madrid vs Barcelona El Clasico Watchalong LaLiga LIVE _ TFHD_chat_log
en,1047,59.47086914995224,9.837631327602674,5.5879784106520285,9.766174176571269,25.381818181818183,レアルマドリードvsバルセロナ,Real Madrid vs Barcelona _ La Liga LIVE WATCHALONG_chat_log
other,1990,24.60854271356784,8.84422110552764,10.620894973445594,9.835068774295548,48.24242424242424,レアルマドリードvsバルセロナ,Real Madrid vs Barcelona _ La Liga LIVE WATCHALONG_chat_log
de,182,35.42307692307692,4.395604395604396,0.9713582337523106,6.619536103457384,4.412121212121212,レアルマドリードvsバルセロナ,Real Madrid vs Barcelona _ La Liga LIVE WATCHALONG_chat_log
es,80,43.9625,20.0,0.42697065219881786,4.880306483551359,1.9393939393939394,レアルマドリードvsバルセロナ,Real Madrid vs Barcelona _ La Liga LIVE WATCHALONG_chat_log
nl,110,97.06363636363636,3.6363636363636362,0.5870846467733746,6.696626051132393,2.666666666666667,レアルマドリードvsバルセロナ,Real Madrid vs Barcelona _ La Liga LIVE WATCHALONG_chat_log
it,102,19.529411764705884,8.823529411764707,0.5443875815534928,6.699659347662825,2.4727272727272727,レアルマドリードvsバルセロナ,Real Madrid vs Barcelona _ La Liga LIVE WATCHALONG_chat_log
pt,68,14.970588235294118,11.76470588235294,0.3629250543689952,5.905116407344139,1.6484848484848484,レアルマドリードvsバルセロナ,Real Madrid vs Barcelona _ La Liga LIVE WATCHALONG_chat_log
fr,49,21.775510204081634,6.122448979591836,0.26151952447177595,6.068027686029257,1.187878787878788,レアルマドリードvsバルセロナ,Real Madrid vs Barcelona _ La Liga LIVE WATCHALONG_chat_log
other,2389,21.856006697362915,8.120552532440351,16.33058871817901,9.903283039231546,55.73961735884274,レアルマドリードvsバルセロナ,Real Madrid vs Barcelona _EL CLASICO_ Laliga 2025 Live Reaction_chat_log
de,103,23.223300970873787,5.825242718446602,0.7040814725711334,7.594290033931799,2.4031731217918804,レアルマドリードvsバルセロナ,Real Madrid vs Barcelona _EL CLASICO_ Laliga 2025 Live Reaction_chat_log
en,1098,39.23132969034609,12.568306010928962,7.505645212457326,9.717377457285352,25.618292113859077,レアルマドリードvsバルセロナ,Real Madrid vs Barcelona _EL CLASICO_ Laliga 2025 Live Reaction_chat_log
it,90,16.42222222222222,6.666666666666667,0.6152168206932234,7.256872225643718,2.099860009332711,レアルマドリードvsバルセロナ,Real Madrid vs Barcelona _EL CLASICO_ Laliga 2025 Live Reaction_chat_log
es,91,26.285714285714285,5.4945054945054945,0.6220525631453703,5.572069179316623,2.1231917872141857,レアルマドリードvsバルセロナ,Real Madrid vs Barcelona _EL CLASICO_ Laliga 2025 Live Reaction_chat_log
pt,57,21.771929824561404,5.263157894736842,0.3896373197723748,5.094172537088384,1.3299113392440503,レアルマドリードvsバルセロナ,Real Madrid vs Barcelona _EL CLASICO_ Laliga 2025 Live Reaction_chat_log
fr,51,13.627450980392156,21.568627450980394,0.34862286505949325,6.1785093496311045,1.189920671955203,レアルマドリードvsバルセロナ,Real Madrid vs Barcelona _EL CLASICO_ Laliga 2025 Live Reaction_chat_log
nl,63,24.0,4.761904761904762,0.4306517744852564,6.952874616319065,1.4699020065328978,レアルマドリードvsバルセロナ,Real Madrid vs Barcelona _EL CLASICO_ Laliga 2025 Live Reaction_chat_log
en,539,89.71428571428571,3.525046382189239,3.8107326326744895,8.546521275391132,14.25925925925926,レアルマドリードvsバルセロナ,⏱️ MINUTO A MINUTO _ Real Madrid vs Barcelona _ El Clásico_chat_log
ar,108,26.314814814814813,20.37037037037037,0.7635605275117716,7.158874224207655,2.857142857142857,レアルマドリードvsバルセロナ,⏱️ MINUTO A MINUTO _ Real Madrid vs Barcelona _ El Clásico_chat_log
other,1367,18.738844184345282,11.41185076810534,9.664696676931404,8.041934346773415,36.164021164021165,レアルマドリードvsバルセロナ,⏱️ MINUTO A MINUTO _ Real Madrid vs Barcelona _ El Clásico_chat_log
pt,64,15.125,9.375,0.45248031259956834,6.318790862941161,1.6931216931216932,レアルマドリードvsバルセロナ,⏱️ MINUTO A MINUTO _ Real Madrid vs Barcelona _ El Clásico_chat_log
es,305,26.068852459016394,8.19672131147541,2.1563514897323177,7.200080662641517,8.068783068783068,レアルマドリードvsバルセロナ,⏱️ MINUTO A MINUTO _ Real Madrid vs Barcelona _ El Clásico_chat_log
it,63,18.41269841269841,3.1746031746031744,0.44541030771520007,5.27606473575113,1.6666666666666667,レアルマドリードvsバルセロナ,⏱️ MINUTO A MINUTO _ Real Madrid vs Barcelona _ El Clásico_chat_log
de,143,22.265734265734267,5.594405594405594,1.0110106984646605,6.993921976048872,3.7830687830687832,レアルマドリードvsバルセロナ,⏱️ MINUTO A MINUTO _ Real Madrid vs Barcelona _ El Clásico_chat_log
hi,10,10.4,20.0,0.07070004884368256,3.9999999976916882,0.26455026455026454,レアルマドリードvsバルセロナ,⏱️ MINUTO A MINUTO _ Real Madrid vs Barcelona _ El Clásico_chat_log
nl,35,82.11428571428571,5.714285714285714,0.24745017095288893,4.991662389099922,0.9259259259259258,レアルマドリードvsバルセロナ,⏱️ MINUTO A MINUTO _ Real Madrid vs Barcelona _ El Clásico_chat_log
fr,29,50.172413793103445,17.24137931034483,0.2050301416466794,5.8574221083265865,0.7671957671957672,レアルマドリードvsバルセロナ,⏱️ MINUTO A MINUTO _ Real Madrid vs Barcelona _ El Clásico_chat_log
other,1432,20.70600558659218,15.293296089385475,6.716200085278059,9.42481509628326,24.128053917438923,レアルマドリードvsバルセロナ,⚽️ REAL MADRID vs FC BARCELONA _ #LaLiga 25_26 - Jornada 10 _ 'EL CLÁSICO' EN DIRECTO_chat_log
en,464,89.28232758620689,11.637931034482758,2.176198910313561,6.897953548305751,7.818028643639427,レアルマドリードvsバルセロナ,⚽️ REAL MADRID vs FC BARCELONA _ #LaLiga 25_26 - Jornada 10 _ 'EL CLÁSICO' EN DIRECTO_chat_log
es,2612,62.74081163859112,6.776416539050537,12.25049903823065,9.21839700207763,44.01010951979781,レアルマドリードvsバルセロナ,⚽️ REAL MADRID vs FC BARCELONA _ #LaLiga 25_26 - Jornada 10 _ 'EL CLÁSICO' EN DIRECTO_chat_log
pt,451,53.8780487804878,7.982261640798225,2.1152278201539136,6.881958431435281,7.5989890480202185,レアルマドリードvsバルセロナ,⚽️ REAL MADRID vs FC BARCELONA _ #LaLiga 25_26 - Jornada 10 _ 'EL CLÁSICO' EN DIRECTO_chat_log
fr,47,30.95744680851064,12.76595744680851,0.22043394134641675,6.117758031712774,0.7919123841617522,レアルマドリードvsバルセロナ,⚽️ REAL MADRID vs FC BARCELONA _ #LaLiga 25_26 - Jornada 10 _ 'EL CLÁSICO' EN DIRECTO_chat_log
it,140,20.514285714285716,16.428571428571427,0.6566117401808158,7.519507098641855,2.358887952822241,レアルマドリードvsバルセロナ,⚽️ REAL MADRID vs FC BARCELONA _ #LaLiga 25_26 - Jornada 10 _ 'EL CLÁSICO' EN DIRECTO_chat_log
de,403,82.26550868486352,16.377171215880892,1.8901037949490627,4.07963610050246,6.79022746419545,レアルマドリードvsバルセロナ,⚽️ REAL MADRID vs FC BARCELONA _ #LaLiga 25_26 - Jornada 10 _ 'EL CLÁSICO' EN DIRECTO_chat_log
nl,31,44.903225806451616,22.58064516129032,0.14539259961146636,5.624999992497986,0.5223251895534962,レアルマドリードvsバルセロナ,⚽️ REAL MADRID vs FC BARCELONA _ #LaLiga 25_26 - Jornada 10 _ 'EL CLÁSICO' EN DIRECTO_chat_log
ja,4274,16.93495554515676,100.0,25.89724420731946,8.668911602139325,96.60940325497288,レアルマドリードvsバルセロナ,【LIVE分析】レアルマドリードvsバルセロナ　▷ラ・リーガ｜第10節　エルクラシコ_chat_log
other,17,3.4705882352941178,52.94117647058824,0.10300728861123791,0.9975025460805762,0.3842676311030741,レアルマドリードvsバルセロナ,【LIVE分析】レアルマドリードvsバルセロナ　▷ラ・リーガ｜第10節　エルクラシコ_chat_log
ko,33,5.96969696969697,100.0,0.19995532495122653,1.1656062401377663,0.7459312839059674,レアルマドリードvsバルセロナ,【LIVE分析】レアルマドリードvsバルセロナ　▷ラ・リーガ｜第10節　エルクラシコ_chat_log
de,11,4.0,100.0,0.06665177498374218,-1.4426951601859516e-10,0.24864376130198915,レアルマドリードvsバルセロナ,【LIVE分析】レアルマドリードvsバルセロナ　▷ラ・リーガ｜第10節　エルクラシコ_chat_log
ja,4633,16.117202676451544,100.0,10.963651642500231,8.376904630956162,95.48639736191261,レアルマドリードvsバルセロナ,【エルクラシコ】レアルマドリード×バルセロナ 0_15キックオフ リアルタイム戦術分析_chat_log
other,49,5.959183673469388,0.0,0.1159548738360698,2.2107861432427893,1.0098928276999175,レアルマドリードvsバルセロナ,【エルクラシコ】レアルマドリード×バルセロナ 0_15キックオフ リアルタイム戦術分析_chat_log
ko,55,6.672727272727273,100.0,0.1301534298159967,2.600599449182633,1.133553173948887,レアルマドリードvsバルセロナ,【エルクラシコ】レアルマドリード×バルセロナ 0_15キックオフ リアルタイム戦術分析_chat_log
fr,1276,41.23824451410658,7.210031347962382,8.417564229638385,9.203871580569713,32.60091977516607,レアルマドリードvsバルセロナ,🔴 REAL MADRID - BARCELONE LIVE _ 🚨LE CLASICO POUR LA 1ERE PLACE ! _ 🔥PLACE AU SPECTACLE ! _ LIGA_chat_log
en,499,121.41683366733467,3.006012024048096,3.2918217481109355,8.96664123882871,12.749105774144098,レアルマドリードvsバルセロナ,🔴 REAL MADRID - BARCELONE LIVE _ 🚨LE CLASICO POUR LA 1ERE PLACE ! _ 🔥PLACE AU SPECTACLE ! _ LIGA_chat_log
other,1163,15.419604471195186,8.512467755803955,7.672121629364766,8.99047754229207,29.713847726111396,レアルマドリードvsバルセロナ,🔴 REAL MADRID - BARCELONE LIVE _ 🚨LE CLASICO POUR LA 1ERE PLACE ! _ 🔥PLACE AU SPECTACLE ! _ LIGA_chat_log
es,220,13.272727272727273,6.8181818181818175,1.4513041775238593,5.874444630886557,5.620848237097598,レアルマドリードvsバルセロナ,🔴 REAL MADRID - BARCELONE LIVE _ 🚨LE CLASICO POUR LA 1ERE PLACE ! _ 🔥PLACE AU SPECTACLE ! _ LIGA_chat_log
pt,54,21.87037037037037,14.814814814814813,0.35622920721040185,6.09325293237873,1.3796627491057742,レアルマドリードvsバルセロナ,🔴 REAL MADRID - BARCELONE LIVE _ 🚨LE CLASICO POUR LA 1ERE PLACE ! _ 🔥PLACE AU SPECTACLE ! _ LIGA_chat_log
it,84,14.583333333333334,5.952380952380952,0.5541343223272918,6.6157434524584575,2.1461420541645375,レアルマドリードvsバルセロナ,🔴 REAL MADRID - BARCELONE LIVE _ 🚨LE CLASICO POUR LA 1ERE PLACE ! _ 🔥PLACE AU SPECTACLE ! _ LIGA_chat_log
de,135,15.118518518518519,1.4814814814814816,0.8905730180260046,7.290139124873157,3.4491568727644353,レアルマドリードvsバルセロナ,🔴 REAL MADRID - BARCELONE LIVE _ 🚨LE CLASICO POUR LA 1ERE PLACE ! _ 🔥PLACE AU SPECTACLE ! _ LIGA_chat_log
nl,49,55.93877551020408,0.0,0.32324502135758687,5.976977321357376,1.251916198262647,レアルマドリードvsバルセロナ,🔴 REAL MADRID - BARCELONE LIVE _ 🚨LE CLASICO POUR LA 1ERE PLACE ! _ 🔥PLACE AU SPECTACLE ! _ LIGA_chat_log
