country,topic_id,share
Dominican,0,0.10947456859956715
Dominican,1,0.10534469186861314
Dominican,2,0.09800211617899235
Dominican,3,0.0720379899185539
Dominican,4,0.06293114643834942
Dominican,5,0.05718969309514883
Dominican,6,0.04653296789539138
Dominican,7,0.008728281262745738
Dominican,8,0.008483563096500531
Dominican,9,0.007586263153601436
Dominican,10,0.007423117709437964
Dominican,11,0.007178399543192757
Dominican,12,0.006852108654865813
Dominican,13,0.006852108654865813
Dominican,14,0.006770535932784077
Dominican,15,0.006362672322375398
Dominican,16,0.0061179541561301905
Dominican,17,0.0061179541561301905
Dominican,18,0.006036381434048454
Dominican,19,0.006036381434048454
Dominican,20,0.005873235989884982
Dominican,21,0.005873235989884982
Dominican,22,0.0057916632678032464
Dominican,23,0.005628517823639775
Dominican,24,0.005628517823639775
Dominican,25,0.005628517823639775
Dominican,26,0.005546945101558039
Dominican,27,0.005546945101558039
Dominican,28,0.005465372379476303
Dominican,29,0.0053837996573945675
Dominican,30,0.0053837996573945675
Dominican,31,0.0053837996573945675
Dominican,32,0.005302226935312832
Dominican,33,0.005220654213231096
Dominican,34,0.005220654213231096
Dominican,35,0.005139081491149359
Dominican,36,0.0050575087690676234
Dominican,37,0.0050575087690676234
Dominican,38,0.004975936046985888
Dominican,39,0.004894363324904152
Dominican,40,0.004894363324904152
Dominican,41,0.004812790602822416
Dominican,42,0.004812790602822416
Dominican,43,0.0046496451586589445
Dominican,44,0.004568072436577209
Dominican,45,0.004568072436577209
Dominican,46,0.004568072436577209
Dominican,47,0.004404926992413737
Dominican,48,0.004404926992413737
Dominican,49,0.004404926992413737
Dominican,50,0.004323354270332001
Dominican,51,0.0042417815482502655
Dominican,52,0.004160208826168529
Dominican,53,0.004078636104086793
Dominican,54,0.004078636104086793
Dominican,55,0.004078636104086793
Dominican,56,0.004078636104086793
Dominican,57,0.004078636104086793
Dominican,58,0.004078636104086793
Dominican,59,0.004078636104086793
Dominican,60,0.003997063382005057
Dominican,61,0.003997063382005057
Dominican,62,0.0039154906599233215
Dominican,63,0.0038339179378415857
Dominican,64,0.0038339179378415857
Dominican,65,0.0038339179378415857
Dominican,66,0.0038339179378415857
Dominican,67,0.0038339179378415857
Dominican,68,0.00375234521575985
Dominican,69,0.00375234521575985
Dominican,70,0.00375234521575985
Dominican,71,0.00375234521575985
Dominican,72,0.00375234521575985
Dominican,73,0.003670772493678114
Dominican,74,0.003670772493678114
Dominican,75,0.003670772493678114
Dominican,76,0.003670772493678114
Dominican,77,0.003670772493678114
Dominican,78,0.003670772493678114
Dominican,79,0.0035891997715963783
Dominican,80,0.0035891997715963783
Dominican,81,0.0035891997715963783
Dominican,82,0.003507627049514642
Dominican,83,0.003507627049514642
Dominican,84,0.003507627049514642
Dominican,85,0.003507627049514642
Dominican,86,0.0034260543274329063
Dominican,87,0.0033444816053511705
Dominican,88,0.0033444816053511705
Dominican,89,0.0033444816053511705
Dominican,90,0.0033444816053511705
Dominican,91,0.0033444816053511705
Dominican,92,0.0033444816053511705
Dominican,93,0.0033444816053511705
Dominican,94,0.0032629088832694347
Dominican,95,0.0032629088832694347
Dominican,96,0.0032629088832694347
Dominican,97,0.0032629088832694347
Dominican,98,0.0032629088832694347
Dominican,99,0.0032629088832694347
Dominican,100,0.0032629088832694347
Dominican,101,0.003181336161187699
Dominican,102,0.003181336161187699
Dominican,103,0.003181336161187699
Dominican,104,0.003181336161187699
Dominican,105,0.003181336161187699
Dominican,106,0.003099763439105963
Dominican,107,0.003099763439105963
Dominican,108,0.003099763439105963
Dominican,109,0.003099763439105963
Dominican,110,0.003099763439105963
Dominican,111,0.003099763439105963
Dominican,112,0.003018190717024227
Dominican,113,0.003018190717024227
Dominican,114,0.003018190717024227
Dominican,115,0.002936617994942491
Dominican,116,0.002936617994942491
Dominican,117,0.002936617994942491
Dominican,118,0.002936617994942491
Dominican,119,0.002936617994942491
Dominican,120,0.002936617994942491
Dominican,121,0.002936617994942491
Dominican,122,0.002936617994942491
Dominican,123,0.002936617994942491
Dominican,124,0.002936617994942491
Dominican,125,0.0028550452728607553
Dominican,126,0.0028550452728607553
Dominican,127,0.0028550452728607553
Dominican,128,0.0028550452728607553
Dominican,129,0.0028550452728607553
Dominican,130,0.0028550452728607553
Dominican,131,0.0028550452728607553
Dominican,132,0.0028550452728607553
Dominican,133,0.0028550452728607553
Dominican,134,0.0028550452728607553
Dominican,135,0.0028550452728607553
Dominican,136,0.0028550452728607553
Dominican,137,0.0028550452728607553
Dominican,138,0.0028550452728607553
Dominican,139,0.0028550452728607553
Dominican,140,0.0028550452728607553
Dominican,141,0.0028550452728607553
Dominican,142,0.0027734725507790195
Dominican,143,0.0027734725507790195
Dominican,144,0.0027734725507790195
Dominican,145,0.0027734725507790195
Dominican,146,0.0027734725507790195
Dominican,147,0.0027734725507790195
Dominican,148,0.0027734725507790195
Dominican,149,0.0027734725507790195
Dominican,150,0.0027734725507790195
Dominican,151,0.0027734725507790195
Dominican,152,0.0026918998286972837
Dominican,153,0.0026918998286972837
Dominican,154,0.0026918998286972837
Dominican,155,0.0026918998286972837
Dominican,156,0.0026918998286972837
Dominican,157,0.0026918998286972837
Dominican,158,0.0026918998286972837
Dominican,159,0.0026918998286972837
Dominican,160,0.0026918998286972837
Dominican,161,0.0026918998286972837
Dominican,162,0.0026918998286972837
Dominican,163,0.0026918998286972837
Dominican,164,0.002610327106615548
Dominican,165,0.002610327106615548
Dominican,166,0.002610327106615548
Dominican,167,0.002610327106615548
Dominican,168,0.002610327106615548
Dominican,169,0.002610327106615548
Dominican,170,0.002610327106615548
Dominican,171,0.002610327106615548
Dominican,172,0.002610327106615548
Dominican,173,0.002610327106615548
Dominican,174,0.002610327106615548
Dominican,175,0.002610327106615548
Dominican,176,0.002610327106615548
Dominican,177,0.002610327106615548
Dominican,178,0.002610327106615548
Dominican,179,0.0025287543845338117
Dominican,180,0.0025287543845338117
Dominican,181,0.0025287543845338117
Dominican,182,0.0025287543845338117
Dominican,183,0.0025287543845338117
Dominican,184,0.0025287543845338117
Dominican,185,0.0025287543845338117
Dominican,186,0.0025287543845338117
Dominican,187,0.0025287543845338117
Dominican,188,0.0025287543845338117
Dominican,189,0.002447181662452076
Dominican,190,0.002447181662452076
Dominican,191,0.002447181662452076
Dominican,192,0.002447181662452076
Dominican,193,0.002447181662452076
Dominican,194,0.002447181662452076
Dominican,195,0.002447181662452076
Dominican,196,0.002447181662452076
Dominican,197,0.002447181662452076
Dominican,198,0.00236560894037034
Dominican,199,0.00236560894037034
Dominican,200,0.00236560894037034
Dominican,201,0.00236560894037034
Dominican,202,0.0022840362182886043
Dominican,203,0.0022840362182886043
Dominican,204,0.0022840362182886043
Dominican,205,0.0022840362182886043
Dominican,206,0.0022840362182886043
Dominican,207,0.0022840362182886043
Dominican,208,0.0022840362182886043
Dominican,209,0.0022840362182886043
Dominican,210,0.0022840362182886043
Dominican,211,0.0022840362182886043
Dominican,212,0.0022840362182886043
Dominican,213,0.0022840362182886043
Dominican,214,0.0022840362182886043
Dominican,215,0.0022840362182886043
Dominican,216,0.0022840362182886043
Dominican,217,0.0022024634962068686
Dominican,218,0.0022024634962068686
Dominican,219,0.0022024634962068686
Dominican,220,0.0022024634962068686
Dominican,221,0.0022024634962068686
Dominican,222,0.0022024634962068686
Dominican,223,0.0022024634962068686
Dominican,224,0.0022024634962068686
Dominican,225,0.0021208907741251328
Dominican,226,0.0021208907741251328
Dominican,227,0.0021208907741251328
Dominican,228,0.0021208907741251328
Dominican,229,0.0021208907741251328
Dominican,230,0.0021208907741251328
Dominican,231,0.0021208907741251328
Dominican,232,0.0021208907741251328
Dominican,233,0.0021208907741251328
Dominican,234,0.0021208907741251328
Dominican,235,0.0021208907741251328
Dominican,236,0.0021208907741251328
Dominican,237,0.0021208907741251328
Dominican,238,0.0021208907741251328
Dominican,239,0.0020393180520433965
Dominican,240,0.0020393180520433965
Dominican,241,0.0020393180520433965
Dominican,242,0.0020393180520433965
Dominican,243,0.0020393180520433965
Dominican,244,0.0020393180520433965
Dominican,245,0.0020393180520433965
Dominican,246,0.0019577453299616607
Dominican,247,0.0019577453299616607
Dominican,248,0.0019577453299616607
Dominican,249,0.0019577453299616607
Dominican,250,0.0019577453299616607
Dominican,251,0.0019577453299616607
Dominican,252,0.0019577453299616607
Dominican,253,0.0019577453299616607
Dominican,254,0.0019577453299616607
Dominican,255,0.0019577453299616607
Dominican,256,0.001876172607879925
Dominican,257,0.001876172607879925
Dominican,258,0.001876172607879925
Dominican,259,0.001876172607879925
Dominican,260,0.001876172607879925
Dominican,261,0.001876172607879925
Dominican,262,0.001876172607879925
Dominican,263,0.001876172607879925
Dominican,264,0.001876172607879925
Dominican,265,0.001876172607879925
Dominican,266,0.0017945998857981892
Dominican,267,0.0017945998857981892
Dominican,268,0.0017945998857981892
Dominican,269,0.0017945998857981892
Dominican,270,0.0017945998857981892
Dominican,271,0.0017945998857981892
Dominican,272,0.0017945998857981892
Dominican,273,0.0017945998857981892
Dominican,274,0.0017945998857981892
Dominican,275,0.0017945998857981892
Dominican,276,0.0017945998857981892
Dominican,277,0.0017130271637164532
Dominican,278,0.0017130271637164532
Dominican,279,0.0017130271637164532
Dominican,280,0.0017130271637164532
Dominican,281,0.0017130271637164532
Dominican,282,0.0017130271637164532
Dominican,283,0.0017130271637164532
Dominican,284,0.0017130271637164532
Dominican,285,0.0017130271637164532
Dominican,286,0.0016314544416347174
Dominican,287,0.0016314544416347174
Dominican,288,0.0016314544416347174
Dominican,289,0.0016314544416347174
Dominican,290,0.0016314544416347174
Dominican,291,0.0016314544416347174
Dominican,292,0.0016314544416347174
Dominican,293,0.0016314544416347174
Dominican,294,0.0016314544416347174
Dominican,295,0.0016314544416347174
Dominican,296,0.0016314544416347174
France,0,0.01887050458088336
France,1,0.017503076712703406
France,2,0.011076165732257623
France,3,0.010118966224531655
France,4,0.0076575960618077395
France,5,0.007520853274989745
France,6,0.007384110488171749
France,7,0.007384110488171749
France,8,0.007384110488171749
France,9,0.007110624914535758
France,10,0.007110624914535758
France,11,0.007110624914535758
France,12,0.006700396554081773
France,13,0.006700396554081773
France,14,0.006700396554081773
France,15,0.006563653767263777
France,16,0.006426910980445781
France,17,0.006426910980445781
France,18,0.006290168193627786
France,19,0.006290168193627786
France,20,0.006290168193627786
France,21,0.0060166826199917955
France,22,0.0058799398331738
France,23,0.005743197046355805
France,24,0.005743197046355805
France,25,0.005743197046355805
France,26,0.005606454259537809
France,27,0.005606454259537809
France,28,0.005606454259537809
France,29,0.005606454259537809
France,30,0.005469711472719814
France,31,0.005469711472719814
France,32,0.005469711472719814
France,33,0.005332968685901818
France,34,0.005332968685901818
France,35,0.0051962258990838235
France,36,0.0051962258990838235
France,37,0.0051962258990838235
France,38,0.0051962258990838235
France,39,0.005059483112265828
France,40,0.005059483112265828
France,41,0.005059483112265828
France,42,0.005059483112265828
France,43,0.005059483112265828
France,44,0.005059483112265828
France,45,0.005059483112265828
France,46,0.005059483112265828
France,47,0.005059483112265828
France,48,0.004922740325447833
France,49,0.004922740325447833
France,50,0.004922740325447833
France,51,0.004922740325447833
France,52,0.004922740325447833
France,53,0.004922740325447833
France,54,0.004922740325447833
France,55,0.004785997538629837
France,56,0.004785997538629837
France,57,0.004785997538629837
France,58,0.004785997538629837
France,59,0.004785997538629837
France,60,0.004649254751811842
France,61,0.004649254751811842
France,62,0.004649254751811842
France,63,0.004649254751811842
France,64,0.004649254751811842
France,65,0.004649254751811842
France,66,0.004649254751811842
France,67,0.004649254751811842
France,68,0.004649254751811842
France,69,0.004649254751811842
France,70,0.004649254751811842
France,71,0.004649254751811842
France,72,0.004649254751811842
France,73,0.004649254751811842
France,74,0.004649254751811842
France,75,0.004512511964993846
France,76,0.004512511964993846
France,77,0.004512511964993846
France,78,0.004512511964993846
France,79,0.004512511964993846
France,80,0.004512511964993846
France,81,0.0043757691781758515
France,82,0.0043757691781758515
France,83,0.004239026391357856
France,84,0.004239026391357856
France,85,0.004239026391357856
France,86,0.004239026391357856
France,87,0.004239026391357856
France,88,0.004239026391357856
France,89,0.004239026391357856
France,90,0.004239026391357856
France,91,0.004239026391357856
France,92,0.004239026391357856
France,93,0.004239026391357856
France,94,0.004239026391357856
France,95,0.004102283604539861
France,96,0.004102283604539861
France,97,0.004102283604539861
France,98,0.004102283604539861
France,99,0.004102283604539861
France,100,0.004102283604539861
France,101,0.004102283604539861
France,102,0.004102283604539861
France,103,0.004102283604539861
France,104,0.004102283604539861
France,105,0.004102283604539861
France,106,0.004102283604539861
France,107,0.004102283604539861
France,108,0.004102283604539861
France,109,0.004102283604539861
France,110,0.004102283604539861
France,111,0.004102283604539861
France,112,0.003965540817721865
France,113,0.003965540817721865
France,114,0.003965540817721865
France,115,0.003965540817721865
France,116,0.003965540817721865
France,117,0.003965540817721865
France,118,0.003965540817721865
France,119,0.003965540817721865
France,120,0.003965540817721865
France,121,0.003965540817721865
France,122,0.003965540817721865
France,123,0.003965540817721865
France,124,0.003965540817721865
France,125,0.003965540817721865
France,126,0.003965540817721865
France,127,0.003965540817721865
France,128,0.003965540817721865
France,129,0.003965540817721865
France,130,0.0038287980309038698
France,131,0.0038287980309038698
France,132,0.0038287980309038698
France,133,0.0038287980309038698
France,134,0.0038287980309038698
France,135,0.0038287980309038698
France,136,0.0038287980309038698
France,137,0.0038287980309038698
France,138,0.0036920552440858744
France,139,0.0036920552440858744
France,140,0.0036920552440858744
France,141,0.0036920552440858744
France,142,0.0036920552440858744
France,143,0.0036920552440858744
France,144,0.0036920552440858744
France,145,0.0036920552440858744
France,146,0.003555312457267879
France,147,0.003555312457267879
France,148,0.003555312457267879
France,149,0.003555312457267879
France,150,0.003555312457267879
France,151,0.003555312457267879
France,152,0.003555312457267879
France,153,0.003555312457267879
France,154,0.003555312457267879
France,155,0.003555312457267879
France,156,0.0034185696704498838
France,157,0.0034185696704498838
France,158,0.0034185696704498838
France,159,0.0034185696704498838
France,160,0.0034185696704498838
France,161,0.0034185696704498838
France,162,0.0034185696704498838
France,163,0.0034185696704498838
France,164,0.0034185696704498838
France,165,0.0034185696704498838
France,166,0.0034185696704498838
France,167,0.0034185696704498838
France,168,0.0034185696704498838
France,169,0.0034185696704498838
France,170,0.0034185696704498838
France,171,0.0032818268836318884
France,172,0.0032818268836318884
France,173,0.0032818268836318884
France,174,0.0032818268836318884
France,175,0.0032818268836318884
France,176,0.0032818268836318884
France,177,0.0032818268836318884
France,178,0.0032818268836318884
France,179,0.0032818268836318884
France,180,0.0032818268836318884
France,181,0.0032818268836318884
France,182,0.0032818268836318884
France,183,0.0032818268836318884
France,184,0.003145084096813893
France,185,0.003145084096813893
France,186,0.003145084096813893
France,187,0.003145084096813893
France,188,0.003145084096813893
France,189,0.003145084096813893
France,190,0.003145084096813893
France,191,0.0030083413099958978
France,192,0.0030083413099958978
France,193,0.0030083413099958978
France,194,0.0030083413099958978
France,195,0.0030083413099958978
France,196,0.0030083413099958978
France,197,0.0030083413099958978
France,198,0.0030083413099958978
France,199,0.0030083413099958978
France,200,0.0030083413099958978
France,201,0.0030083413099958978
France,202,0.0030083413099958978
France,203,0.0030083413099958978
France,204,0.0030083413099958978
France,205,0.0030083413099958978
France,206,0.0028715985231779024
France,207,0.0028715985231779024
France,208,0.0028715985231779024
France,209,0.0028715985231779024
France,210,0.0028715985231779024
France,211,0.0028715985231779024
France,212,0.0028715985231779024
France,213,0.0028715985231779024
France,214,0.0028715985231779024
France,215,0.0028715985231779024
France,216,0.0028715985231779024
France,217,0.0028715985231779024
France,218,0.0028715985231779024
France,219,0.0028715985231779024
France,220,0.0028715985231779024
France,221,0.002734855736359907
France,222,0.002734855736359907
France,223,0.002734855736359907
France,224,0.002734855736359907
France,225,0.002734855736359907
France,226,0.002734855736359907
France,227,0.002734855736359907
France,228,0.002734855736359907
France,229,0.002734855736359907
India,0,0.025267612646253424
India,1,0.022404779686333084
India,2,0.022155837689818273
India,3,0.015807816778690566
India,4,0.014438635797859098
India,5,0.013193925815285038
India,6,0.011451331839681354
India,7,0.011326860841423949
India,8,0.011326860841423949
India,9,0.010704505850136919
India,10,0.010580034851879512
India,11,0.0103310928553647
India,12,0.009957679860592481
India,13,0.009459795867562858
India,14,0.009335324869305451
India,15,0.008961911874533234
India,16,0.008837440876275828
India,17,0.008837440876275828
India,18,0.00846402788150361
India,19,0.00784167289021658
India,20,0.007717201891959173
India,21,0.007592730893701768
India,22,0.007343788897186955
India,23,0.007343788897186955
India,24,0.007219317898929549
India,25,0.007094846900672144
India,26,0.0069703759024147376
India,27,0.006845904904157331
India,28,0.006721433905899925
India,29,0.006721433905899925
India,30,0.006721433905899925
India,31,0.006721433905899925
India,32,0.006721433905899925
India,33,0.006721433905899925
India,34,0.006472491909385114
India,35,0.006472491909385114
India,36,0.006472491909385114
India,37,0.006348020911127707
India,38,0.006348020911127707
India,39,0.006348020911127707
India,40,0.006223549912870301
India,41,0.006099078914612895
India,42,0.00597460791635549
India,43,0.005850136918098083
India,44,0.005850136918098083
India,45,0.005850136918098083
India,46,0.005725665919840677
India,47,0.005725665919840677
India,48,0.005725665919840677
India,49,0.005601194921583271
India,50,0.005601194921583271
India,51,0.005601194921583271
India,52,0.005601194921583271
India,53,0.005601194921583271
India,54,0.005476723923325865
India,55,0.005476723923325865
India,56,0.005476723923325865
India,57,0.005352252925068459
India,58,0.005352252925068459
India,59,0.005352252925068459
India,60,0.005352252925068459
India,61,0.005352252925068459
India,62,0.005227781926811053
India,63,0.005227781926811053
India,64,0.005103310928553647
India,65,0.005103310928553647
India,66,0.005103310928553647
India,67,0.005103310928553647
India,68,0.004978839930296241
India,69,0.004978839930296241
India,70,0.004978839930296241
India,71,0.004978839930296241
India,72,0.004978839930296241
India,73,0.0048543689320388345
India,74,0.0048543689320388345
India,75,0.004729897933781429
India,76,0.004729897933781429
India,77,0.004729897933781429
India,78,0.004605426935524023
India,79,0.004605426935524023
India,80,0.004605426935524023
India,81,0.004605426935524023
India,82,0.004605426935524023
India,83,0.004605426935524023
India,84,0.004480955937266617
India,85,0.004480955937266617
India,86,0.0043564849390092105
India,87,0.0043564849390092105
India,88,0.0043564849390092105
India,89,0.0043564849390092105
India,90,0.0043564849390092105
India,91,0.0043564849390092105
India,92,0.004232013940751805
India,93,0.004232013940751805
India,94,0.004232013940751805
India,95,0.004232013940751805
India,96,0.004232013940751805
India,97,0.004107542942494399
India,98,0.004107542942494399
India,99,0.004107542942494399
India,100,0.004107542942494399
India,101,0.003983071944236993
India,102,0.003983071944236993
India,103,0.003983071944236993
India,104,0.003983071944236993
India,105,0.003983071944236993
India,106,0.003983071944236993
India,107,0.003983071944236993
India,108,0.003983071944236993
India,109,0.003983071944236993
India,110,0.0038586009459795866
India,111,0.0038586009459795866
India,112,0.0038586009459795866
India,113,0.0038586009459795866
India,114,0.0038586009459795866
India,115,0.0038586009459795866
India,116,0.0037341299477221808
India,117,0.0037341299477221808
India,118,0.0037341299477221808
India,119,0.0037341299477221808
India,120,0.0037341299477221808
India,121,0.0036096589494647746
India,122,0.0036096589494647746
India,123,0.0036096589494647746
India,124,0.0036096589494647746
India,125,0.0034851879512073688
India,126,0.0034851879512073688
India,127,0.0034851879512073688
India,128,0.0034851879512073688
India,129,0.0033607169529499626
India,130,0.0033607169529499626
India,131,0.0033607169529499626
India,132,0.0033607169529499626
India,133,0.0033607169529499626
India,134,0.0033607169529499626
India,135,0.0033607169529499626
India,136,0.003236245954692557
India,137,0.003236245954692557
India,138,0.003236245954692557
India,139,0.003236245954692557
India,140,0.003236245954692557
India,141,0.003236245954692557
India,142,0.003236245954692557
India,143,0.0031117749564351506
India,144,0.0031117749564351506
India,145,0.0031117749564351506
India,146,0.0031117749564351506
India,147,0.0031117749564351506
India,148,0.0031117749564351506
India,149,0.0031117749564351506
India,150,0.0031117749564351506
India,151,0.0031117749564351506
India,152,0.0031117749564351506
India,153,0.0031117749564351506
India,154,0.002987303958177745
India,155,0.002987303958177745
India,156,0.002987303958177745
India,157,0.002987303958177745
India,158,0.0028628329599203386
India,159,0.0028628329599203386
India,160,0.0028628329599203386
India,161,0.0028628329599203386
India,162,0.0028628329599203386
India,163,0.0028628329599203386
India,164,0.0028628329599203386
India,165,0.0028628329599203386
India,166,0.0028628329599203386
India,167,0.0027383619616629324
India,168,0.0027383619616629324
India,169,0.0027383619616629324
India,170,0.0027383619616629324
India,171,0.0027383619616629324
India,172,0.0027383619616629324
India,173,0.0027383619616629324
India,174,0.0027383619616629324
India,175,0.0027383619616629324
India,176,0.0027383619616629324
India,177,0.0027383619616629324
India,178,0.0027383619616629324
India,179,0.0026138909634055266
India,180,0.0026138909634055266
India,181,0.0026138909634055266
India,182,0.0026138909634055266
India,183,0.0026138909634055266
India,184,0.0026138909634055266
India,185,0.0026138909634055266
India,186,0.0026138909634055266
India,187,0.0026138909634055266
India,188,0.0026138909634055266
India,189,0.0026138909634055266
India,190,0.0024894199651481204
India,191,0.0024894199651481204
India,192,0.0024894199651481204
India,193,0.0024894199651481204
India,194,0.0024894199651481204
India,195,0.0024894199651481204
India,196,0.0024894199651481204
India,197,0.0024894199651481204
India,198,0.0024894199651481204
Japan,0,0.03420668168082562
Japan,1,0.01686898112441588
Japan,2,0.015318392118729205
Japan,3,0.01513248751663535
Japan,4,0.014130425640068577
Japan,5,0.013502910401849878
Japan,6,0.012670419557998481
Japan,7,0.011798126692591842
Japan,8,0.011209249216014168
Japan,9,0.010955424323235166
Japan,10,0.010277366444175672
Japan,11,0.010198448040862175
Japan,12,0.009713581067683953
Japan,13,0.00956674237368531
Japan,14,0.009353506089584624
Japan,15,0.009223737078424488
Japan,16,0.00896043677360024
Japan,17,0.008775268284966414
Japan,18,0.008597694067125848
Japan,19,0.00838293508244206
Japan,20,0.008219026705604909
Japan,21,0.008011861991714381
Japan,22,0.007943941701029236
Japan,23,0.007829361231455619
Japan,24,0.007651050900155022
Japan,25,0.007479548252524611
Japan,26,0.007293643650430758
Japan,27,0.007098999749751683
Japan,28,0.007055743412698305
Japan,29,0.007031079459066537
Japan,30,0.00695216105575304
Japan,31,0.006840984428014517
Japan,32,0.0067730641373293715
Japan,33,0.006666077938549013
Japan,34,0.006551497468975397
Japan,35,0.0064725790656618995
Japan,36,0.006404658774976754
Japan,37,0.006344332755084868
Japan,38,0.006150833882197754
Japan,39,0.006126169928565986
Japan,40,0.006039657254459231
Japan,41,0.005971736963774084
Japan,42,0.0059360748975139654
Japan,43,0.00586815460682882
Japan,44,0.005832492540568702
Japan,45,0.0057645722498835565
Japan,46,0.005599141172463302
Japan,47,0.005599141172463302
Japan,48,0.005476966432096425
Japan,49,0.0054523024784646585
Japan,50,0.005384382187779513
Japan,51,0.005341125850726135
Japan,52,0.00523754349378087
Japan,53,0.005212879540149103
Japan,54,0.005212879540149103
Japan,55,0.005212879540149103
Japan,56,0.005212879540149103
Japan,57,0.005109297183203839
Japan,58,0.005073635116943719
Japan,59,0.004970052759998455
Japan,60,0.004945388806366688
Japan,61,0.004874064673846449
Japan,62,0.004830808336793071
Japan,63,0.004806144383161304
Japan,64,0.004806144383161304
Japan,65,0.0047704823169011845
Japan,66,0.004727225979847806
Japan,67,0.00466689995995592
Japan,68,0.004623643622902542
Japan,69,0.004623643622902542
Japan,70,0.004587981556642423
Japan,71,0.004520061265957277
Japan,72,0.004484399199697158
Japan,73,0.00440548079638366
Japan,74,0.00440548079638366
Japan,75,0.00440548079638366
Japan,76,0.0043808168427518935
Japan,77,0.0043018984394383964
Japan,78,0.004277234485806629
Japan,79,0.004216908465914743
Japan,80,0.004173652128861364
Japan,81,0.0041489881752295975
Japan,82,0.0041489881752295975
Japan,83,0.0041489881752295975
Japan,84,0.004113326108969478
Japan,85,0.00408866215533771
Japan,86,0.00408866215533771
Japan,87,0.00408866215533771
Japan,88,0.004028336135445824
Japan,89,0.003985079798392446
Japan,90,0.003949417732132327
Japan,91,0.003949417732132327
Japan,92,0.003949417732132327
Japan,93,0.003949417732132327
Japan,94,0.0039061613950789487
Japan,95,0.0038458353751870625
Japan,96,0.003766916971873565
Japan,97,0.003766916971873565
Japan,98,0.003766916971873565
Japan,99,0.003687998568560067
Japan,100,0.003687998568560067
Japan,101,0.0036523365022999485
Japan,102,0.003627672548668181
Japan,103,0.003627672548668181
Japan,104,0.003603008595036414
Japan,105,0.0035350883043512686
Japan,106,0.0035350883043512686
Japan,107,0.0035350883043512686
Japan,108,0.0035350883043512686
Japan,109,0.0034994262380911496
Japan,110,0.0034747622844593824
Japan,111,0.0034747622844593824
Japan,112,0.0034391002181992634
Japan,113,0.003395843881145885
Japan,114,0.003395843881145885
Japan,115,0.0033711799275141178
Japan,116,0.0033279235904607393
Japan,117,0.0033279235904607393
Japan,118,0.0033279235904607393
Japan,119,0.0033279235904607393
Japan,120,0.003303259636828972
Japan,121,0.003303259636828972
Japan,122,0.003260003299775594
Japan,123,0.003224341233515475
Japan,124,0.003224341233515475
Japan,125,0.003224341233515475
Japan,126,0.0031810848964620967
Japan,127,0.0031810848964620967
Japan,128,0.0031564209428303295
Japan,129,0.00312075887657021
Japan,130,0.00312075887657021
Japan,131,0.00312075887657021
Japan,132,0.0030960949229384433
Japan,133,0.003017176519624946
Japan,134,0.003017176519624946
Japan,135,0.003017176519624946
Japan,136,0.0029739201825715674
Japan,137,0.0029739201825715674
Japan,138,0.0029492562289398
Japan,139,0.0029492562289398
Japan,140,0.0029492562289398
Japan,141,0.002913594162679681
Japan,142,0.002913594162679681
Japan,143,0.002913594162679681
Japan,144,0.0028703378256263027
Japan,145,0.0028703378256263027
Japan,146,0.002834675759366184
Japan,147,0.002834675759366184
Japan,148,0.0028100118057344165
Japan,149,0.002766755468681038
Japan,150,0.002766755468681038
Japan,151,0.002766755468681038
Japan,152,0.0027310934024209186
Japan,153,0.0027310934024209186
Japan,154,0.0027310934024209186
Japan,155,0.0027310934024209186
Japan,156,0.002706429448789152
Japan,157,0.0026707673825290324
Japan,158,0.002627511045475655
Japan,159,0.002627511045475655
Japan,160,0.0026028470918438872
Japan,161,0.0026028470918438872
Japan,162,0.0025595907547905088
Japan,163,0.0025595907547905088
Japan,164,0.0025595907547905088
Japan,165,0.00252392868853039
Japan,166,0.00252392868853039
Japan,167,0.00252392868853039
Japan,168,0.002488202921194235
Japan,169,0.0023977138913564055
Japan,170,0.0023977138913564055
Japan,171,0.0023977138913564055
Japan,172,0.0023977138913564055
Japan,173,0.0023977138913564055
Japan,174,0.0023977138913564055
Japan,175,0.0023977138913564055
Japan,176,0.002307224861518576
Japan,177,0.002307224861518576
Japan,178,0.002307224861518576
Japan,179,0.002307224861518576
Japan,180,0.002307224861518576
Japan,181,0.002307224861518576
Japan,182,0.002307224861518576
Japan,183,0.002307224861518576
Japan,184,0.002307224861518576
Japan,185,0.002307224861518576
Japan,186,0.0022702289310709252
Japan,187,0.002216735831680747
Japan,188,0.002216735831680747
Japan,189,0.002216735831680747
Japan,190,0.002216735831680747
Japan,191,0.002216735831680747
Japan,192,0.002216735831680747
Japan,193,0.002216735831680747
Japan,194,0.002216735831680747
Japan,195,0.002179739901233096
Japan,196,0.002179739901233096
Japan,197,0.0022197558268590455
Japan,198,0.0022197558268590455
Japan,199,0.0022197558268590455
Japan,200,0.0022197558268590455
Japan,201,0.0022197558268590455
Japan,202,0.0022197558268590455
Japan,203,0.002145763965963744
Japan,204,0.002145763965963744
Japan,205,0.002145763965963744
Japan,206,0.002145763965963744
Japan,207,0.002145763965963744
Japan,208,0.002145763965963744
Japan,209,0.0020717721050684426
Japan,210,0.0020717721050684426
Japan,211,0.0020717721050684426
Japan,212,0.0020717721050684426
Japan,213,0.0020717721050684426
Japan,214,0.0020717721050684426
Japan,215,0.001997780244173141
Japan,216,0.001997780244173141
Japan,217,0.001997780244173141
Japan,218,0.001997780244173141
Japan,219,0.001997780244173141
Japan,220,0.001997780244173141
Japan,221,0.001997780244173141
Japan,222,0.001997780244173141
Japan,223,0.0019237883832778394
Japan,224,0.0019237883832778394
Japan,225,0.0019237883832778394
Japan,226,0.0019237883832778394
Japan,227,0.0019237883832778394
Japan,228,0.0019237883832778394
Japan,229,0.0019237883832778394
Japan,230,0.0019237883832778394
Japan,231,0.0019237883832778394
Japan,232,0.0019237883832778394
Japan,233,0.0019237883832778394
Japan,234,0.0019237883832778394
Japan,235,0.0019237883832778394
Japan,236,0.0019237883832778394
Japan,237,0.0019237883832778394
Japan,238,0.001849796522382538
Japan,239,0.001849796522382538
Japan,240,0.001849796522382538
Japan,241,0.001849796522382538
Japan,242,0.001849796522382538
Japan,243,0.001849796522382538
Japan,244,0.001849796522382538
Japan,245,0.001849796522382538
Japan,246,0.001849796522382538
Japan,247,0.001849796522382538
Japan,248,0.0017758046614872365
Japan,249,0.0017758046614872365
Japan,250,0.0017758046614872365
Japan,251,0.0017758046614872365
Japan,252,0.0017758046614872365
Japan,253,0.0017758046614872365
Japan,254,0.0017758046614872365
Japan,255,0.0017758046614872365
Japan,256,0.0017758046614872365
Japan,257,0.0017758046614872365
Japan,258,0.0017758046614872365
Japan,259,0.0017758046614872365
Japan,260,0.0017758046614872365
Japan,261,0.0017758046614872365
Japan,262,0.0017758046614872365
Japan,263,0.0017758046614872365
Japan,264,0.0017758046614872365
Japan,265,0.0017758046614872365
Japan,266,0.0017758046614872365
Japan,267,0.0017758046614872365
Japan,268,0.0017758046614872365
Japan,269,0.0017758046614872365
Japan,270,0.0017758046614872365
Japan,271,0.0017758046614872365
Japan,272,0.0017018128005919348
Japan,273,0.0017018128005919348
Japan,274,0.0017018128005919348
Japan,275,0.0017018128005919348
Japan,276,0.0017018128005919348
Japan,277,0.0017018128005919348
Japan,278,0.0017018128005919348
Japan,279,0.0017018128005919348
Japan,280,0.0017018128005919348
Japan,281,0.0017018128005919348
Japan,282,0.0017018128005919348
Japan,283,0.0017018128005919348
Japan,284,0.0017018128005919348
Japan,285,0.0017018128005919348
Japan,286,0.0017018128005919348
Japan,287,0.0016278209396966333
Japan,288,0.0016278209396966333
Japan,289,0.0016278209396966333
Japan,290,0.0016278209396966333
Japan,291,0.0016278209396966333
Japan,292,0.0016278209396966333
Japan,293,0.0016278209396966333
Japan,294,0.0016278209396966333
Japan,295,0.0015538290788013318
Japan,296,0.0015538290788013318
Japan,297,0.0015538290788013318
Japan,298,0.0015538290788013318
Japan,299,0.0015538290788013318
Japan,300,0.0015538290788013318
Japan,301,0.0015538290788013318
Japan,302,0.0015538290788013318
Japan,303,0.0015538290788013318
Japan,304,0.0015538290788013318
Japan,305,0.0015538290788013318
Japan,306,0.0015538290788013318
Japan,307,0.0015538290788013318
Japan,308,0.0015538290788013318
Japan,309,0.0015538290788013318
Japan,310,0.0015538290788013318
Japan,311,0.0014798372179060304
Japan,312,0.0014798372179060304
Japan,313,0.0014798372179060304
Japan,314,0.0014798372179060304
Japan,315,0.0014798372179060304
Japan,316,0.0014798372179060304
Japan,317,0.0014798372179060304
Japan,318,0.0014798372179060304
Japan,319,0.0014798372179060304
Japan,320,0.0014798372179060304
Japan,321,0.0014798372179060304
Japan,322,0.0014798372179060304
Japan,323,0.0014798372179060304
Japan,324,0.0014798372179060304
Japan,325,0.0014798372179060304
Unknown,0,0.018188604849942926
Unknown,1,0.010060556930818199
Unknown,2,0.00949248656993757
Unknown,3,0.009146489730829405
Unknown,4,0.008446176132538528
Unknown,5,0.008148003301082205
Unknown,6,0.00800453127812668
Unknown,7,0.007886425691732445
Unknown,8,0.007779548890883486
Unknown,9,0.007661443304489249
Unknown,10,0.007436460917246054
Unknown,11,0.007101692863683165
Unknown,12,0.006828886468788127
Unknown,13,0.006603904081544931
Unknown,14,0.006603904081544931
Unknown,15,0.006497027280695972
Unknown,16,0.006390150479847013
Unknown,17,0.0062945024645433304
Unknown,18,0.006103206433935965
Unknown,19,0.005985100847541729
Unknown,20,0.005937276839889888
Unknown,21,0.005878224046692769
Unknown,22,0.005830400039040928
Unknown,23,0.00577134724584381
Unknown,24,0.005723523238191969
Unknown,25,0.005664470444994851
Unknown,26,0.005616646437343009
Unknown,27,0.005616646437343009
Unknown,28,0.005568822429691168
Unknown,29,0.0054619456288422085
Unknown,30,0.0054619456288422085
Unknown,31,0.0054619456288422085
Unknown,32,0.0054619456288422085
Unknown,33,0.00535506882799325
Unknown,34,0.00535506882799325
Unknown,35,0.00535506882799325
Unknown,36,0.005152544011840608
Unknown,37,0.005104720004188766
Unknown,38,0.005045667210991648
Unknown,39,0.004938790410142689
Unknown,40,0.0048797376169455705
Unknown,41,0.004831913609293729
Unknown,42,0.004772860816096611
Unknown,43,0.00472503680844477
Unknown,44,0.00472503680844477
Unknown,45,0.004665984015247652
Unknown,46,0.004665984015247652
Unknown,47,0.004665984015247652
Unknown,48,0.004606931222050533
Unknown,49,0.004606931222050533
Unknown,50,0.0045000544212015735
Unknown,51,0.0045000544212015735
Unknown,52,0.0045000544212015735
Unknown,53,0.004452230413549732
Unknown,54,0.004452230413549732
Unknown,55,0.004452230413549732
Unknown,56,0.004393177620352615
Unknown,57,0.004393177620352615
Unknown,58,0.004334124827155497
Unknown,59,0.004334124827155497
Unknown,60,0.004275072033958378
Unknown,61,0.004275072033958378
Unknown,62,0.0042160192407612596
Unknown,63,0.0042160192407612596
Unknown,64,0.0042160192407612596
Unknown,65,0.004156966447564142
Unknown,66,0.004156966447564142
Unknown,67,0.004156966447564142
Unknown,68,0.004156966447564142
Unknown,69,0.004109142439912301
Unknown,70,0.004109142439912301
Unknown,71,0.004109142439912301
Unknown,72,0.004050089646715182
Unknown,73,0.004050089646715182
Unknown,74,0.004050089646715182
Unknown,75,0.004050089646715182
Unknown,76,0.003991036853518063
Unknown,77,0.003991036853518063
Unknown,78,0.003991036853518063
Unknown,79,0.003991036853518063
Unknown,80,0.003991036853518063
Unknown,81,0.003991036853518063
Unknown,82,0.003991036853518063
Unknown,83,0.003991036853518063
Unknown,84,0.003884160052669104
Unknown,85,0.003884160052669104
Unknown,86,0.003884160052669104
Unknown,87,0.003884160052669104
Unknown,88,0.003884160052669104
Unknown,89,0.003884160052669104
Unknown,90,0.003825107259471986
Unknown,91,0.003825107259471986
Unknown,92,0.003825107259471986
Unknown,93,0.003825107259471986
Unknown,94,0.003825107259471986
Unknown,95,0.003825107259471986
Unknown,96,0.003825107259471986
Unknown,97,0.003825107259471986
Unknown,98,0.003766054466274868
Unknown,99,0.003718230458623027
Unknown,100,0.0036591776654259084
Unknown,101,0.0036591776654259084
Unknown,102,0.0036591776654259084
Unknown,103,0.0036591776654259084
Unknown,104,0.0036591776654259084
Unknown,105,0.0036591776654259084
Unknown,106,0.0036591776654259084
Unknown,107,0.0036591776654259084
Unknown,108,0.0036591776654259084
Unknown,109,0.0035523008645769487
Unknown,110,0.0035523008645769487
Unknown,111,0.0035523008645769487
Unknown,112,0.0035523008645769487
Unknown,113,0.0035523008645769487
Unknown,114,0.0035523008645769487
Unknown,115,0.0035523008645769487
Unknown,116,0.0035523008645769487
Unknown,117,0.0035523008645769487
Unknown,118,0.0035523008645769487
Unknown,119,0.0035044768569251076
Unknown,120,0.0034454240637279898
Unknown,121,0.0034454240637279898
Unknown,122,0.0034454240637279898
Unknown,123,0.0034454240637279898
Unknown,124,0.0034454240637279898
Unknown,125,0.0034454240637279898
Unknown,126,0.0034454240637279898
Unknown,127,0.0034454240637279898
Unknown,128,0.0034454240637279898
Unknown,129,0.0033976000560761483
Unknown,130,0.00333854726287903
Unknown,131,0.00333854726287903
Unknown,132,0.00333854726287903
Unknown,133,0.00333854726287903
Unknown,134,0.00333854726287903
Unknown,135,0.00333854726287903
Unknown,136,0.00333854726287903
Unknown,137,0.00333854726287903
Unknown,138,0.00333854726287903
Unknown,139,0.00333854726287903
Unknown,140,0.00333854726287903
Unknown,141,0.00333854726287903
Unknown,142,0.00333854726287903
Unknown,143,0.003279494469681912
Unknown,144,0.003279494469681912
Unknown,145,0.003279494469681912
Unknown,146,0.0032316704620300703
Unknown,147,0.0032316704620300703
Unknown,148,0.0032316704620300703
Unknown,149,0.0032316704620300703
Unknown,150,0.0031726176688329525
Unknown,151,0.0031247936611811114
Unknown,152,0.0031247936611811114
Unknown,153,0.0031247936611811114
Unknown,154,0.0031247936611811114
Unknown,155,0.0031247936611811114
Unknown,156,0.0031247936611811114
Unknown,157,0.00307696965352927
Unknown,158,0.00307696965352927
Unknown,159,0.00307696965352927
Unknown,160,0.0030179168603321517
Unknown,161,0.0030179168603321517
Unknown,162,0.0030179168603321517
Unknown,163,0.0029700928526803106
Unknown,164,0.0029700928526803106
Unknown,165,0.0029222688450284695
Unknown,166,0.002863216051831351
Unknown,167,0.002863216051831351
Unknown,168,0.002863216051831351
Unknown,169,0.002863216051831351
Unknown,170,0.002804163258634233
Unknown,171,0.0027563392509823916
Unknown,172,0.0027563392509823916
Unknown,173,0.0027563392509823916
Unknown,174,0.0027563392509823916
Unknown,175,0.0027563392509823916
Unknown,176,0.0027563392509823916
Unknown,177,0.0026972864577852734
Unknown,178,0.0026972864577852734
Unknown,179,0.0026972864577852734
Unknown,180,0.0026972864577852734
Unknown,181,0.0026972864577852734
Unknown,182,0.0026972864577852734
Unknown,183,0.0026972864577852734
Unknown,184,0.0026972864577852734
Unknown,185,0.0026972864577852734
Unknown,186,0.0026494624501334323
Unknown,187,0.0026494624501334323
Unknown,188,0.0026494624501334323
Unknown,189,0.0026494624501334323
Unknown,190,0.0026494624501334323
Unknown,191,0.0026494624501334323
Unknown,192,0.0026494624501334323
Unknown,193,0.0025425856492844725
Unknown,194,0.0025425856492844725
Unknown,195,0.0025425856492844725
Unknown,196,0.0025425856492844725
Unknown,197,0.0025425856492844725
Unknown,198,0.0025425856492844725
Unknown,199,0.0025425856492844725
Unknown,200,0.0025425856492844725
Unknown,201,0.0025425856492844725
Unknown,202,0.0025425856492844725
Unknown,203,0.0025425856492844725
Unknown,204,0.0025425856492844725
Unknown,205,0.0025425856492844725
Unknown,206,0.0024947616416326314
Unknown,207,0.0024947616416326314
Unknown,208,0.0024947616416326314
Unknown,209,0.0024947616416326314
Unknown,210,0.0024947616416326314
Unknown,211,0.0024947616416326314
Unknown,212,0.0024947616416326314
Unknown,213,0.0024947616416326314
Unknown,214,0.0024947616416326314
Unknown,215,0.0024947616416326314
Unknown,216,0.0024357088484355137
Unknown,217,0.0024357088484355137
Unknown,218,0.0024357088484355137
Unknown,219,0.0024357088484355137
Unknown,220,0.0024357088484355137
Unknown,221,0.0024357088484355137
Unknown,222,0.0024357088484355137
Unknown,223,0.0024357088484355137
Unknown,224,0.002387884840783672
Unknown,225,0.002387884840783672
Unknown,226,0.002387884840783672
Unknown,227,0.002387884840783672
Unknown,228,0.002387884840783672
Unknown,229,0.002387884840783672
Unknown,230,0.002387884840783672
Unknown,231,0.002387884840783672
Unknown,232,0.002328832047586554
Unknown,233,0.002328832047586554
Unknown,234,0.002328832047586554
Unknown,235,0.002328832047586554
Unknown,236,0.002328832047586554
Unknown,237,0.002281008039934713
Unknown,238,0.002281008039934713
Unknown,239,0.002281008039934713
Unknown,240,0.002281008039934713
Unknown,241,0.002281008039934713
Unknown,242,0.002281008039934713
Unknown,243,0.0021999043519846965
Unknown,244,0.0021999043519846965
Unknown,245,0.0021999043519846965
Unknown,246,0.0021999043519846965
Unknown,247,0.0021999043519846965
Unknown,248,0.0021999043519846965
Unknown,249,0.0021999043519846965
Unknown,250,0.0021999043519846965
Unknown,251,0.002104256336681014
Unknown,252,0.002104256336681014
Unknown,253,0.002104256336681014
Unknown,254,0.002104256336681014
Unknown,255,0.002104256336681014
Unknown,256,0.002104256336681014
Unknown,257,0.002104256336681014
Unknown,258,0.002104256336681014
Unknown,259,0.002104256336681014
Unknown,260,0.002104256336681014
Unknown,261,0.002104256336681014
Unknown,262,0.002104256336681014
Unknown,263,0.002104256336681014
Unknown,264,0.002104256336681014
Unknown,265,0.002104256336681014
Unknown,266,0.002104256336681014
Unknown,267,0.002104256336681014
Unknown,268,0.002104256336681014
Unknown,269,0.002104256336681014
Unknown,270,0.002104256336681014
Unknown,271,0.002104256336681014
Unknown,272,0.0020086083213773313
Unknown,273,0.0020086083213773313
Unknown,274,0.0020086083213773313
Unknown,275,0.0020086083213773313
Unknown,276,0.0020086083213773313
Unknown,277,0.0020086083213773313
Unknown,278,0.0020086083213773313
Unknown,279,0.0020086083213773313
Unknown,280,0.0020086083213773313
Unknown,281,0.0020086083213773313
Unknown,282,0.0020086083213773313
Unknown,283,0.0020086083213773313
Unknown,284,0.0020086083213773313
Unknown,285,0.0020086083213773313
Unknown,286,0.0020086083213773313
Unknown,287,0.0020086083213773313
Unknown,288,0.001912960306073649
Unknown,289,0.001912960306073649
Unknown,290,0.001912960306073649
Unknown,291,0.001912960306073649
Unknown,292,0.001912960306073649
Unknown,293,0.001912960306073649
Unknown,294,0.001912960306073649
Unknown,295,0.001912960306073649
Unknown,296,0.001912960306073649
Unknown,297,0.001912960306073649
Unknown,298,0.001912960306073649
Unknown,299,0.001912960306073649
Unknown,300,0.001912960306073649
Unknown,301,0.001912960306073649
Unknown,302,0.001912960306073649
