event_A,event_B,broadcaster_A,broadcaster_B,category,combined_score,embedding_similarity,topic_jaccard,lexical_similarity
5,6,Brazil,Brazil,Same Broadcaster,0.6703294078509013,0.933803915977478,0.0833333333333333,0.0
5,6,Brazil,Japan_abema,Cross-Culture,0.6703294078509013,0.933803915977478,0.0833333333333333,0.0
5,6,Brazil,Japan_goat,Cross-Culture,0.6703294078509013,0.933803915977478,0.0833333333333333,0.0
5,6,Brazil,UK,Cross-Culture,0.6703294078509013,0.933803915977478,0.0833333333333333,0.0
5,6,Japan_abema,Brazil,Cross-Culture,0.6703294078509013,0.933803915977478,0.0833333333333333,0.0
5,6,Japan_abema,Japan_abema,Same Broadcaster,0.6703294078509013,0.933803915977478,0.0833333333333333,0.0
5,6,Japan_abema,Japan_goat,Same Language (Japan),0.6703294078509013,0.933803915977478,0.0833333333333333,0.0
5,6,Japan_abema,UK,Cross-Culture,0.6703294078509013,0.933803915977478,0.0833333333333333,0.0
5,6,Japan_goat,Brazil,Cross-Culture,0.6703294078509013,0.933803915977478,0.0833333333333333,0.0
5,6,Japan_goat,Japan_abema,Same Language (Japan),0.6703294078509013,0.933803915977478,0.0833333333333333,0.0
5,6,Japan_goat,Japan_goat,Same Broadcaster,0.6703294078509013,0.933803915977478,0.0833333333333333,0.0
5,6,Japan_goat,UK,Cross-Culture,0.6703294078509013,0.933803915977478,0.0833333333333333,0.0
5,6,UK,Brazil,Cross-Culture,0.6703294078509013,0.933803915977478,0.0833333333333333,0.0
5,6,UK,Japan_abema,Cross-Culture,0.6703294078509013,0.933803915977478,0.0833333333333333,0.0
5,6,UK,Japan_goat,Cross-Culture,0.6703294078509013,0.933803915977478,0.0833333333333333,0.0
5,6,UK,UK,Same Broadcaster,0.6703294078509013,0.933803915977478,0.0833333333333333,0.0
56,59,Brazil,Brazil,Same Broadcaster,0.9403879901282566,0.9169028997421264,1.0,0.2446254239382084
56,59,Brazil,Japan_abema,Cross-Culture,0.9403879901282566,0.9169028997421264,1.0,0.2446254239382084
56,59,Brazil,Japan_goat,Cross-Culture,0.9403879901282566,0.9169028997421264,1.0,0.2446254239382084
56,59,Brazil,UK,Cross-Culture,0.9403879901282566,0.9169028997421264,1.0,0.2446254239382084
56,59,Japan_abema,Brazil,Cross-Culture,0.9403879901282566,0.9169028997421264,1.0,0.2446254239382084
56,59,Japan_abema,Japan_abema,Same Broadcaster,0.9403879901282566,0.9169028997421264,1.0,0.2446254239382084
56,59,Japan_abema,Japan_goat,Same Language (Japan),0.9403879901282566,0.9169028997421264,1.0,0.2446254239382084
56,59,Japan_abema,UK,Cross-Culture,0.9403879901282566,0.9169028997421264,1.0,0.2446254239382084
56,59,Japan_goat,Brazil,Cross-Culture,0.9403879901282566,0.9169028997421264,1.0,0.2446254239382084
56,59,Japan_goat,Japan_abema,Same Language (Japan),0.9403879901282566,0.9169028997421264,1.0,0.2446254239382084
56,59,Japan_goat,Japan_goat,Same Broadcaster,0.9403879901282566,0.9169028997421264,1.0,0.2446254239382084
56,59,Japan_goat,UK,Cross-Culture,0.9403879901282566,0.9169028997421264,1.0,0.2446254239382084
56,59,UK,Brazil,Cross-Culture,0.9403879901282566,0.9169028997421264,1.0,0.2446254239382084
56,59,UK,Japan_abema,Cross-Culture,0.9403879901282566,0.9169028997421264,1.0,0.2446254239382084
56,59,UK,Japan_goat,Cross-Culture,0.9403879901282566,0.9169028997421264,1.0,0.2446254239382084
56,59,UK,UK,Same Broadcaster,0.9403879901282566,0.9169028997421264,1.0,0.2446254239382084
5,73,Brazil,Brazil,Same Broadcaster,0.5609702322803892,0.7171880006790161,0.2109704641350211,0.1674453897807372
5,73,Brazil,Japan_abema,Cross-Culture,0.5609702322803892,0.7171880006790161,0.2109704641350211,0.1674453897807372
5,73,Brazil,Japan_goat,Cross-Culture,0.5609702322803892,0.7171880006790161,0.2109704641350211,0.1674453897807372
5,73,Brazil,UK,Cross-Culture,0.5609702322803892,0.7171880006790161,0.2109704641350211,0.1674453897807372
5,73,Japan_abema,Brazil,Cross-Culture,0.5609702322803892,0.7171880006790161,0.2109704641350211,0.1674453897807372
5,73,Japan_abema,Japan_abema,Same Broadcaster,0.5609702322803892,0.7171880006790161,0.2109704641350211,0.1674453897807372
5,73,Japan_abema,Japan_goat,Same Language (Japan),0.5609702322803892,0.7171880006790161,0.2109704641350211,0.1674453897807372
5,73,Japan_abema,UK,Cross-Culture,0.5609702322803892,0.7171880006790161,0.2109704641350211,0.1674453897807372
5,73,Japan_goat,Brazil,Cross-Culture,0.5609702322803892,0.7171880006790161,0.2109704641350211,0.1674453897807372
5,73,Japan_goat,Japan_abema,Same Language (Japan),0.5609702322803892,0.7171880006790161,0.2109704641350211,0.1674453897807372
5,73,Japan_goat,Japan_goat,Same Broadcaster,0.5609702322803892,0.7171880006790161,0.2109704641350211,0.1674453897807372
5,73,Japan_goat,UK,Cross-Culture,0.5609702322803892,0.7171880006790161,0.2109704641350211,0.1674453897807372
5,73,UK,Brazil,Cross-Culture,0.5609702322803892,0.7171880006790161,0.2109704641350211,0.1674453897807372
5,73,UK,Japan_abema,Cross-Culture,0.5609702322803892,0.7171880006790161,0.2109704641350211,0.1674453897807372
5,73,UK,Japan_goat,Cross-Culture,0.5609702322803892,0.7171880006790161,0.2109704641350211,0.1674453897807372
5,73,UK,UK,Same Broadcaster,0.5609702322803892,0.7171880006790161,0.2109704641350211,0.1674453897807372
50,73,Brazil,Brazil,Same Broadcaster,0.5082690147912329,0.7021778225898743,0.0,0.1674453897832087
50,73,Brazil,Japan_abema,Cross-Culture,0.5082690147912329,0.7021778225898743,0.0,0.1674453897832087
50,73,Brazil,Japan_goat,Cross-Culture,0.5082690147912329,0.7021778225898743,0.0,0.1674453897832087
50,73,Brazil,UK,Cross-Culture,0.5082690147912329,0.7021778225898743,0.0,0.1674453897832087
50,73,Japan_abema,Brazil,Cross-Culture,0.5082690147912329,0.7021778225898743,0.0,0.1674453897832087
50,73,Japan_abema,Japan_abema,Same Broadcaster,0.5082690147912329,0.7021778225898743,0.0,0.1674453897832087
50,73,Japan_abema,Japan_goat,Same Language (Japan),0.5082690147912329,0.7021778225898743,0.0,0.1674453897832087
50,73,Japan_abema,UK,Cross-Culture,0.5082690147912329,0.7021778225898743,0.0,0.1674453897832087
50,73,Japan_goat,Brazil,Cross-Culture,0.5082690147912329,0.7021778225898743,0.0,0.1674453897832087
50,73,Japan_goat,Japan_abema,Same Language (Japan),0.5082690147912329,0.7021778225898743,0.0,0.1674453897832087
50,73,Japan_goat,Japan_goat,Same Broadcaster,0.5082690147912329,0.7021778225898743,0.0,0.1674453897832087
50,73,Japan_goat,UK,Cross-Culture,0.5082690147912329,0.7021778225898743,0.0,0.1674453897832087
50,73,UK,Brazil,Cross-Culture,0.5082690147912329,0.7021778225898743,0.0,0.1674453897832087
50,73,UK,Japan_abema,Cross-Culture,0.5082690147912329,0.7021778225898743,0.0,0.1674453897832087
50,73,UK,Japan_goat,Cross-Culture,0.5082690147912329,0.7021778225898743,0.0,0.1674453897832087
50,73,UK,UK,Same Broadcaster,0.5082690147912329,0.7021778225898743,0.0,0.1674453897832087
34,70,Brazil,Brazil,Same Broadcaster,0.4770160464509267,0.6575307250022888,0.0,0.167445389493246
34,70,Brazil,Japan_abema,Cross-Culture,0.4770160464509267,0.6575307250022888,0.0,0.167445389493246
34,70,Brazil,Japan_goat,Cross-Culture,0.4770160464509267,0.6575307250022888,0.0,0.167445389493246
34,70,Brazil,UK,Cross-Culture,0.4770160464509267,0.6575307250022888,0.0,0.167445389493246
34,70,Japan_abema,Brazil,Cross-Culture,0.4770160464509267,0.6575307250022888,0.0,0.167445389493246
34,70,Japan_abema,Japan_abema,Same Broadcaster,0.4770160464509267,0.6575307250022888,0.0,0.167445389493246
34,70,Japan_abema,Japan_goat,Same Language (Japan),0.4770160464509267,0.6575307250022888,0.0,0.167445389493246
34,70,Japan_abema,UK,Cross-Culture,0.4770160464509267,0.6575307250022888,0.0,0.167445389493246
34,70,Japan_goat,Brazil,Cross-Culture,0.4770160464509267,0.6575307250022888,0.0,0.167445389493246
34,70,Japan_goat,Japan_abema,Same Language (Japan),0.4770160464509267,0.6575307250022888,0.0,0.167445389493246
34,70,Japan_goat,Japan_goat,Same Broadcaster,0.4770160464509267,0.6575307250022888,0.0,0.167445389493246
34,70,Japan_goat,UK,Cross-Culture,0.4770160464509267,0.6575307250022888,0.0,0.167445389493246
34,70,UK,Brazil,Cross-Culture,0.4770160464509267,0.6575307250022888,0.0,0.167445389493246
34,70,UK,Japan_abema,Cross-Culture,0.4770160464509267,0.6575307250022888,0.0,0.167445389493246
34,70,UK,Japan_goat,Cross-Culture,0.4770160464509267,0.6575307250022888,0.0,0.167445389493246
34,70,UK,UK,Same Broadcaster,0.4770160464509267,0.6575307250022888,0.0,0.167445389493246
6,73,Brazil,Brazil,Same Broadcaster,0.4121806204319,0.5888294577598572,0.0,0.0
6,73,Brazil,Japan_abema,Cross-Culture,0.4121806204319,0.5888294577598572,0.0,0.0
6,73,Brazil,Japan_goat,Cross-Culture,0.4121806204319,0.5888294577598572,0.0,0.0
6,73,Brazil,UK,Cross-Culture,0.4121806204319,0.5888294577598572,0.0,0.0
6,73,Japan_abema,Brazil,Cross-Culture,0.4121806204319,0.5888294577598572,0.0,0.0
6,73,Japan_abema,Japan_abema,Same Broadcaster,0.4121806204319,0.5888294577598572,0.0,0.0
6,73,Japan_abema,Japan_goat,Same Language (Japan),0.4121806204319,0.5888294577598572,0.0,0.0
6,73,Japan_abema,UK,Cross-Culture,0.4121806204319,0.5888294577598572,0.0,0.0
6,73,Japan_goat,Brazil,Cross-Culture,0.4121806204319,0.5888294577598572,0.0,0.0
6,73,Japan_goat,Japan_abema,Same Language (Japan),0.4121806204319,0.5888294577598572,0.0,0.0
6,73,Japan_goat,Japan_goat,Same Broadcaster,0.4121806204319,0.5888294577598572,0.0,0.0
6,73,Japan_goat,UK,Cross-Culture,0.4121806204319,0.5888294577598572,0.0,0.0
6,73,UK,Brazil,Cross-Culture,0.4121806204319,0.5888294577598572,0.0,0.0
6,73,UK,Japan_abema,Cross-Culture,0.4121806204319,0.5888294577598572,0.0,0.0
6,73,UK,Japan_goat,Cross-Culture,0.4121806204319,0.5888294577598572,0.0,0.0
6,73,UK,UK,Same Broadcaster,0.4121806204319,0.5888294577598572,0.0,0.0
5,50,Brazil,Brazil,Same Broadcaster,0.4270325092676507,0.5861256718635559,0.0,0.1674453896316161
5,50,Brazil,Japan_abema,Cross-Culture,0.4270325092676507,0.5861256718635559,0.0,0.1674453896316161
5,50,Brazil,Japan_goat,Cross-Culture,0.4270325092676507,0.5861256718635559,0.0,0.1674453896316161
5,50,Brazil,UK,Cross-Culture,0.4270325092676507,0.5861256718635559,0.0,0.1674453896316161
5,50,Japan_abema,Brazil,Cross-Culture,0.4270325092676507,0.5861256718635559,0.0,0.1674453896316161
5,50,Japan_abema,Japan_abema,Same Broadcaster,0.4270325092676507,0.5861256718635559,0.0,0.1674453896316161
5,50,Japan_abema,Japan_goat,Same Language (Japan),0.4270325092676507,0.5861256718635559,0.0,0.1674453896316161
5,50,Japan_abema,UK,Cross-Culture,0.4270325092676507,0.5861256718635559,0.0,0.1674453896316161
5,50,Japan_goat,Brazil,Cross-Culture,0.4270325092676507,0.5861256718635559,0.0,0.1674453896316161
5,50,Japan_goat,Japan_abema,Same Language (Japan),0.4270325092676507,0.5861256718635559,0.0,0.1674453896316161
5,50,Japan_goat,Japan_goat,Same Broadcaster,0.4270325092676507,0.5861256718635559,0.0,0.1674453896316161
5,50,Japan_goat,UK,Cross-Culture,0.4270325092676507,0.5861256718635559,0.0,0.1674453896316161
5,50,UK,Brazil,Cross-Culture,0.4270325092676507,0.5861256718635559,0.0,0.1674453896316161
5,50,UK,Japan_abema,Cross-Culture,0.4270325092676507,0.5861256718635559,0.0,0.1674453896316161
5,50,UK,Japan_goat,Cross-Culture,0.4270325092676507,0.5861256718635559,0.0,0.1674453896316161
5,50,UK,UK,Same Broadcaster,0.4270325092676507,0.5861256718635559,0.0,0.1674453896316161
6,50,Brazil,Brazil,Same Broadcaster,0.3626494050025939,0.5180705785751343,0.0,0.0
6,50,Brazil,Japan_abema,Cross-Culture,0.3626494050025939,0.5180705785751343,0.0,0.0
6,50,Brazil,Japan_goat,Cross-Culture,0.3626494050025939,0.5180705785751343,0.0,0.0
6,50,Brazil,UK,Cross-Culture,0.3626494050025939,0.5180705785751343,0.0,0.0
6,50,Japan_abema,Brazil,Cross-Culture,0.3626494050025939,0.5180705785751343,0.0,0.0
6,50,Japan_abema,Japan_abema,Same Broadcaster,0.3626494050025939,0.5180705785751343,0.0,0.0
6,50,Japan_abema,Japan_goat,Same Language (Japan),0.3626494050025939,0.5180705785751343,0.0,0.0
6,50,Japan_abema,UK,Cross-Culture,0.3626494050025939,0.5180705785751343,0.0,0.0
6,50,Japan_goat,Brazil,Cross-Culture,0.3626494050025939,0.5180705785751343,0.0,0.0
6,50,Japan_goat,Japan_abema,Same Language (Japan),0.3626494050025939,0.5180705785751343,0.0,0.0
6,50,Japan_goat,Japan_goat,Same Broadcaster,0.3626494050025939,0.5180705785751343,0.0,0.0
6,50,Japan_goat,UK,Cross-Culture,0.3626494050025939,0.5180705785751343,0.0,0.0
6,50,UK,Brazil,Cross-Culture,0.3626494050025939,0.5180705785751343,0.0,0.0
6,50,UK,Japan_abema,Cross-Culture,0.3626494050025939,0.5180705785751343,0.0,0.0
6,50,UK,Japan_goat,Cross-Culture,0.3626494050025939,0.5180705785751343,0.0,0.0
6,50,UK,UK,Same Broadcaster,0.3626494050025939,0.5180705785751343,0.0,0.0
70,73,Brazil,Brazil,Same Broadcaster,0.3770861474954011,0.5147737264633179,0.0,0.1674453897107866
70,73,Brazil,Japan_abema,Cross-Culture,0.3770861474954011,0.5147737264633179,0.0,0.1674453897107866
70,73,Brazil,Japan_goat,Cross-Culture,0.3770861474954011,0.5147737264633179,0.0,0.1674453897107866
70,73,Brazil,UK,Cross-Culture,0.3770861474954011,0.5147737264633179,0.0,0.1674453897107866
70,73,Japan_abema,Brazil,Cross-Culture,0.3770861474954011,0.5147737264633179,0.0,0.1674453897107866
70,73,Japan_abema,Japan_abema,Same Broadcaster,0.3770861474954011,0.5147737264633179,0.0,0.1674453897107866
70,73,Japan_abema,Japan_goat,Same Language (Japan),0.3770861474954011,0.5147737264633179,0.0,0.1674453897107866
70,73,Japan_abema,UK,Cross-Culture,0.3770861474954011,0.5147737264633179,0.0,0.1674453897107866
70,73,Japan_goat,Brazil,Cross-Culture,0.3770861474954011,0.5147737264633179,0.0,0.1674453897107866
70,73,Japan_goat,Japan_abema,Same Language (Japan),0.3770861474954011,0.5147737264633179,0.0,0.1674453897107866
70,73,Japan_goat,Japan_goat,Same Broadcaster,0.3770861474954011,0.5147737264633179,0.0,0.1674453897107866
70,73,Japan_goat,UK,Cross-Culture,0.3770861474954011,0.5147737264633179,0.0,0.1674453897107866
70,73,UK,Brazil,Cross-Culture,0.3770861474954011,0.5147737264633179,0.0,0.1674453897107866
70,73,UK,Japan_abema,Cross-Culture,0.3770861474954011,0.5147737264633179,0.0,0.1674453897107866
70,73,UK,Japan_goat,Cross-Culture,0.3770861474954011,0.5147737264633179,0.0,0.1674453897107866
70,73,UK,UK,Same Broadcaster,0.3770861474954011,0.5147737264633179,0.0,0.1674453897107866
5,70,Brazil,Brazil,Same Broadcaster,0.3739981950440519,0.5031362771987915,0.0171821305841924,0.1836637488805944
5,70,Brazil,Japan_abema,Cross-Culture,0.3739981950440519,0.5031362771987915,0.0171821305841924,0.1836637488805944
5,70,Brazil,Japan_goat,Cross-Culture,0.3739981950440519,0.5031362771987915,0.0171821305841924,0.1836637488805944
5,70,Brazil,UK,Cross-Culture,0.3739981950440519,0.5031362771987915,0.0171821305841924,0.1836637488805944
5,70,Japan_abema,Brazil,Cross-Culture,0.3739981950440519,0.5031362771987915,0.0171821305841924,0.1836637488805944
5,70,Japan_abema,Japan_abema,Same Broadcaster,0.3739981950440519,0.5031362771987915,0.0171821305841924,0.1836637488805944
5,70,Japan_abema,Japan_goat,Same Language (Japan),0.3739981950440519,0.5031362771987915,0.0171821305841924,0.1836637488805944
5,70,Japan_abema,UK,Cross-Culture,0.3739981950440519,0.5031362771987915,0.0171821305841924,0.1836637488805944
5,70,Japan_goat,Brazil,Cross-Culture,0.3739981950440519,0.5031362771987915,0.0171821305841924,0.1836637488805944
5,70,Japan_goat,Japan_abema,Same Language (Japan),0.3739981950440519,0.5031362771987915,0.0171821305841924,0.1836637488805944
5,70,Japan_goat,Japan_goat,Same Broadcaster,0.3739981950440519,0.5031362771987915,0.0171821305841924,0.1836637488805944
5,70,Japan_goat,UK,Cross-Culture,0.3739981950440519,0.5031362771987915,0.0171821305841924,0.1836637488805944
5,70,UK,Brazil,Cross-Culture,0.3739981950440519,0.5031362771987915,0.0171821305841924,0.1836637488805944
5,70,UK,Japan_abema,Cross-Culture,0.3739981950440519,0.5031362771987915,0.0171821305841924,0.1836637488805944
5,70,UK,Japan_goat,Cross-Culture,0.3739981950440519,0.5031362771987915,0.0171821305841924,0.1836637488805944
5,70,UK,UK,Same Broadcaster,0.3739981950440519,0.5031362771987915,0.0171821305841924,0.1836637488805944
50,70,Brazil,Brazil,Same Broadcaster,0.3458781985719731,0.470190942287445,0.0,0.167445389707616
50,70,Brazil,Japan_abema,Cross-Culture,0.3458781985719731,0.470190942287445,0.0,0.167445389707616
50,70,Brazil,Japan_goat,Cross-Culture,0.3458781985719731,0.470190942287445,0.0,0.167445389707616
50,70,Brazil,UK,Cross-Culture,0.3458781985719731,0.470190942287445,0.0,0.167445389707616
50,70,Japan_abema,Brazil,Cross-Culture,0.3458781985719731,0.470190942287445,0.0,0.167445389707616
50,70,Japan_abema,Japan_abema,Same Broadcaster,0.3458781985719731,0.470190942287445,0.0,0.167445389707616
50,70,Japan_abema,Japan_goat,Same Language (Japan),0.3458781985719731,0.470190942287445,0.0,0.167445389707616
50,70,Japan_abema,UK,Cross-Culture,0.3458781985719731,0.470190942287445,0.0,0.167445389707616
50,70,Japan_goat,Brazil,Cross-Culture,0.3458781985719731,0.470190942287445,0.0,0.167445389707616
50,70,Japan_goat,Japan_abema,Same Language (Japan),0.3458781985719731,0.470190942287445,0.0,0.167445389707616
50,70,Japan_goat,Japan_goat,Same Broadcaster,0.3458781985719731,0.470190942287445,0.0,0.167445389707616
50,70,Japan_goat,UK,Cross-Culture,0.3458781985719731,0.470190942287445,0.0,0.167445389707616
50,70,UK,Brazil,Cross-Culture,0.3458781985719731,0.470190942287445,0.0,0.167445389707616
50,70,UK,Japan_abema,Cross-Culture,0.3458781985719731,0.470190942287445,0.0,0.167445389707616
50,70,UK,Japan_goat,Cross-Culture,0.3458781985719731,0.470190942287445,0.0,0.167445389707616
50,70,UK,UK,Same Broadcaster,0.3458781985719731,0.470190942287445,0.0,0.167445389707616
6,70,Brazil,Brazil,Same Broadcaster,0.3243629337015731,0.4554829597473144,0.0276243093922651,0.0
6,70,Brazil,Japan_abema,Cross-Culture,0.3243629337015731,0.4554829597473144,0.0276243093922651,0.0
6,70,Brazil,Japan_goat,Cross-Culture,0.3243629337015731,0.4554829597473144,0.0276243093922651,0.0
6,70,Brazil,UK,Cross-Culture,0.3243629337015731,0.4554829597473144,0.0276243093922651,0.0
6,70,Japan_abema,Brazil,Cross-Culture,0.3243629337015731,0.4554829597473144,0.0276243093922651,0.0
6,70,Japan_abema,Japan_abema,Same Broadcaster,0.3243629337015731,0.4554829597473144,0.0276243093922651,0.0
6,70,Japan_abema,Japan_goat,Same Language (Japan),0.3243629337015731,0.4554829597473144,0.0276243093922651,0.0
6,70,Japan_abema,UK,Cross-Culture,0.3243629337015731,0.4554829597473144,0.0276243093922651,0.0
6,70,Japan_goat,Brazil,Cross-Culture,0.3243629337015731,0.4554829597473144,0.0276243093922651,0.0
6,70,Japan_goat,Japan_abema,Same Language (Japan),0.3243629337015731,0.4554829597473144,0.0276243093922651,0.0
6,70,Japan_goat,Japan_goat,Same Broadcaster,0.3243629337015731,0.4554829597473144,0.0276243093922651,0.0
6,70,Japan_goat,UK,Cross-Culture,0.3243629337015731,0.4554829597473144,0.0276243093922651,0.0
6,70,UK,Brazil,Cross-Culture,0.3243629337015731,0.4554829597473144,0.0276243093922651,0.0
6,70,UK,Japan_abema,Cross-Culture,0.3243629337015731,0.4554829597473144,0.0276243093922651,0.0
6,70,UK,Japan_goat,Cross-Culture,0.3243629337015731,0.4554829597473144,0.0276243093922651,0.0
6,70,UK,UK,Same Broadcaster,0.3243629337015731,0.4554829597473144,0.0276243093922651,0.0
6,59,Brazil,Brazil,Same Broadcaster,0.315089863538742,0.4501283764839172,0.0,0.0
6,59,Brazil,Japan_abema,Cross-Culture,0.315089863538742,0.4501283764839172,0.0,0.0
6,59,Brazil,Japan_goat,Cross-Culture,0.315089863538742,0.4501283764839172,0.0,0.0
6,59,Brazil,UK,Cross-Culture,0.315089863538742,0.4501283764839172,0.0,0.0
6,59,Japan_abema,Brazil,Cross-Culture,0.315089863538742,0.4501283764839172,0.0,0.0
6,59,Japan_abema,Japan_abema,Same Broadcaster,0.315089863538742,0.4501283764839172,0.0,0.0
6,59,Japan_abema,Japan_goat,Same Language (Japan),0.315089863538742,0.4501283764839172,0.0,0.0
6,59,Japan_abema,UK,Cross-Culture,0.315089863538742,0.4501283764839172,0.0,0.0
6,59,Japan_goat,Brazil,Cross-Culture,0.315089863538742,0.4501283764839172,0.0,0.0
6,59,Japan_goat,Japan_abema,Same Language (Japan),0.315089863538742,0.4501283764839172,0.0,0.0
6,59,Japan_goat,Japan_goat,Same Broadcaster,0.315089863538742,0.4501283764839172,0.0,0.0
6,59,Japan_goat,UK,Cross-Culture,0.315089863538742,0.4501283764839172,0.0,0.0
6,59,UK,Brazil,Cross-Culture,0.315089863538742,0.4501283764839172,0.0,0.0
6,59,UK,Japan_abema,Cross-Culture,0.315089863538742,0.4501283764839172,0.0,0.0
6,59,UK,Japan_goat,Cross-Culture,0.315089863538742,0.4501283764839172,0.0,0.0
6,59,UK,UK,Same Broadcaster,0.315089863538742,0.4501283764839172,0.0,0.0
59,70,Brazil,Brazil,Same Broadcaster,0.3575839343689652,0.449672520160675,0.0,0.16744538961737
59,70,Brazil,Japan_abema,Cross-Culture,0.3575839343689652,0.449672520160675,0.0,0.16744538961737
59,70,Brazil,Japan_goat,Cross-Culture,0.3575839343689652,0.449672520160675,0.0,0.16744538961737
59,70,Brazil,UK,Cross-Culture,0.3575839343689652,0.449672520160675,0.0,0.16744538961737
59,70,Japan_abema,Brazil,Cross-Culture,0.3575839343689652,0.449672520160675,0.0,0.16744538961737
59,70,Japan_abema,Japan_abema,Same Broadcaster,0.3575839343689652,0.449672520160675,0.0,0.16744538961737
59,70,Japan_abema,Japan_goat,Same Language (Japan),0.3575839343689652,0.449672520160675,0.0,0.16744538961737
59,70,Japan_abema,UK,Cross-Culture,0.3575839343689652,0.449672520160675,0.0,0.16744538961737
59,70,Japan_goat,Brazil,Cross-Culture,0.3575839343689652,0.449672520160675,0.0,0.16744538961737
59,70,Japan_goat,Japan_abema,Same Language (Japan),0.3575839343689652,0.449672520160675,0.0,0.16744538961737
59,70,Japan_goat,Japan_goat,Same Broadcaster,0.3575839343689652,0.449672520160675,0.0,0.16744538961737
59,70,Japan_goat,UK,Cross-Culture,0.3575839343689652,0.449672520160675,0.0,0.16744538961737
59,70,UK,Brazil,Cross-Culture,0.3575839343689652,0.449672520160675,0.0,0.16744538961737
59,70,UK,Japan_abema,Cross-Culture,0.3575839343689652,0.449672520160675,0.0,0.16744538961737
59,70,UK,Japan_goat,Cross-Culture,0.3575839343689652,0.449672520160675,0.0,0.16744538961737
59,70,UK,UK,Same Broadcaster,0.3575839343689652,0.449672520160675,0.0,0.16744538961737
6,56,Brazil,Brazil,Same Broadcaster,0.3126434206962585,0.4466334581375122,0.0,0.0
6,56,Brazil,Japan_abema,Cross-Culture,0.3126434206962585,0.4466334581375122,0.0,0.0
6,56,Brazil,Japan_goat,Cross-Culture,0.3126434206962585,0.4466334581375122,0.0,0.0
6,56,Brazil,UK,Cross-Culture,0.3126434206962585,0.4466334581375122,0.0,0.0
6,56,Japan_abema,Brazil,Cross-Culture,0.3126434206962585,0.4466334581375122,0.0,0.0
6,56,Japan_abema,Japan_abema,Same Broadcaster,0.3126434206962585,0.4466334581375122,0.0,0.0
6,56,Japan_abema,Japan_goat,Same Language (Japan),0.3126434206962585,0.4466334581375122,0.0,0.0
6,56,Japan_abema,UK,Cross-Culture,0.3126434206962585,0.4466334581375122,0.0,0.0
6,56,Japan_goat,Brazil,Cross-Culture,0.3126434206962585,0.4466334581375122,0.0,0.0
6,56,Japan_goat,Japan_abema,Same Language (Japan),0.3126434206962585,0.4466334581375122,0.0,0.0
6,56,Japan_goat,Japan_goat,Same Broadcaster,0.3126434206962585,0.4466334581375122,0.0,0.0
6,56,Japan_goat,UK,Cross-Culture,0.3126434206962585,0.4466334581375122,0.0,0.0
6,56,UK,Brazil,Cross-Culture,0.3126434206962585,0.4466334581375122,0.0,0.0
6,56,UK,Japan_abema,Cross-Culture,0.3126434206962585,0.4466334581375122,0.0,0.0
6,56,UK,Japan_goat,Cross-Culture,0.3126434206962585,0.4466334581375122,0.0,0.0
6,56,UK,UK,Same Broadcaster,0.3126434206962585,0.4466334581375122,0.0,0.0
5,59,Brazil,Brazil,Same Broadcaster,0.3056051639741434,0.4126580357551574,0.0,0.1674453894553325
5,59,Brazil,Japan_abema,Cross-Culture,0.3056051639741434,0.4126580357551574,0.0,0.1674453894553325
5,59,Brazil,Japan_goat,Cross-Culture,0.3056051639741434,0.4126580357551574,0.0,0.1674453894553325
5,59,Brazil,UK,Cross-Culture,0.3056051639741434,0.4126580357551574,0.0,0.1674453894553325
5,59,Japan_abema,Brazil,Cross-Culture,0.3056051639741434,0.4126580357551574,0.0,0.1674453894553325
5,59,Japan_abema,Japan_abema,Same Broadcaster,0.3056051639741434,0.4126580357551574,0.0,0.1674453894553325
5,59,Japan_abema,Japan_goat,Same Language (Japan),0.3056051639741434,0.4126580357551574,0.0,0.1674453894553325
5,59,Japan_abema,UK,Cross-Culture,0.3056051639741434,0.4126580357551574,0.0,0.1674453894553325
5,59,Japan_goat,Brazil,Cross-Culture,0.3056051639741434,0.4126580357551574,0.0,0.1674453894553325
5,59,Japan_goat,Japan_abema,Same Language (Japan),0.3056051639741434,0.4126580357551574,0.0,0.1674453894553325
5,59,Japan_goat,Japan_goat,Same Broadcaster,0.3056051639741434,0.4126580357551574,0.0,0.1674453894553325
5,59,Japan_goat,UK,Cross-Culture,0.3056051639741434,0.4126580357551574,0.0,0.1674453894553325
5,59,UK,Brazil,Cross-Culture,0.3056051639741434,0.4126580357551574,0.0,0.1674453894553325
5,59,UK,Japan_abema,Cross-Culture,0.3056051639741434,0.4126580357551574,0.0,0.1674453894553325
5,59,UK,Japan_goat,Cross-Culture,0.3056051639741434,0.4126580357551574,0.0,0.1674453894553325
5,59,UK,UK,Same Broadcaster,0.3056051639741434,0.4126580357551574,0.0,0.1674453894553325
5,56,Brazil,Brazil,Same Broadcaster,0.2936656592289559,0.3956016004085541,0.0,0.1674453894296809
5,56,Brazil,Japan_abema,Cross-Culture,0.2936656592289559,0.3956016004085541,0.0,0.1674453894296809
5,56,Brazil,Japan_goat,Cross-Culture,0.2936656592289559,0.3956016004085541,0.0,0.1674453894296809
5,56,Brazil,UK,Cross-Culture,0.2936656592289559,0.3956016004085541,0.0,0.1674453894296809
5,56,Japan_abema,Brazil,Cross-Culture,0.2936656592289559,0.3956016004085541,0.0,0.1674453894296809
5,56,Japan_abema,Japan_abema,Same Broadcaster,0.2936656592289559,0.3956016004085541,0.0,0.1674453894296809
5,56,Japan_abema,Japan_goat,Same Language (Japan),0.2936656592289559,0.3956016004085541,0.0,0.1674453894296809
5,56,Japan_abema,UK,Cross-Culture,0.2936656592289559,0.3956016004085541,0.0,0.1674453894296809
5,56,Japan_goat,Brazil,Cross-Culture,0.2936656592289559,0.3956016004085541,0.0,0.1674453894296809
5,56,Japan_goat,Japan_abema,Same Language (Japan),0.2936656592289559,0.3956016004085541,0.0,0.1674453894296809
5,56,Japan_goat,Japan_goat,Same Broadcaster,0.2936656592289559,0.3956016004085541,0.0,0.1674453894296809
5,56,Japan_goat,UK,Cross-Culture,0.2936656592289559,0.3956016004085541,0.0,0.1674453894296809
5,56,UK,Brazil,Cross-Culture,0.2936656592289559,0.3956016004085541,0.0,0.1674453894296809
5,56,UK,Japan_abema,Cross-Culture,0.2936656592289559,0.3956016004085541,0.0,0.1674453894296809
5,56,UK,Japan_goat,Cross-Culture,0.2936656592289559,0.3956016004085541,0.0,0.1674453894296809
5,56,UK,UK,Same Broadcaster,0.2936656592289559,0.3956016004085541,0.0,0.1674453894296809
50,59,Brazil,Brazil,Same Broadcaster,0.2765267698157251,0.3711174726486206,0.0,0.1674453896169075
50,59,Brazil,Japan_abema,Cross-Culture,0.2765267698157251,0.3711174726486206,0.0,0.1674453896169075
50,59,Brazil,Japan_goat,Cross-Culture,0.2765267698157251,0.3711174726486206,0.0,0.1674453896169075
50,59,Brazil,UK,Cross-Culture,0.2765267698157251,0.3711174726486206,0.0,0.1674453896169075
50,59,Japan_abema,Brazil,Cross-Culture,0.2765267698157251,0.3711174726486206,0.0,0.1674453896169075
50,59,Japan_abema,Japan_abema,Same Broadcaster,0.2765267698157251,0.3711174726486206,0.0,0.1674453896169075
50,59,Japan_abema,Japan_goat,Same Language (Japan),0.2765267698157251,0.3711174726486206,0.0,0.1674453896169075
50,59,Japan_abema,UK,Cross-Culture,0.2765267698157251,0.3711174726486206,0.0,0.1674453896169075
50,59,Japan_goat,Brazil,Cross-Culture,0.2765267698157251,0.3711174726486206,0.0,0.1674453896169075
50,59,Japan_goat,Japan_abema,Same Language (Japan),0.2765267698157251,0.3711174726486206,0.0,0.1674453896169075
50,59,Japan_goat,Japan_goat,Same Broadcaster,0.2765267698157251,0.3711174726486206,0.0,0.1674453896169075
50,59,Japan_goat,UK,Cross-Culture,0.2765267698157251,0.3711174726486206,0.0,0.1674453896169075
50,59,UK,Brazil,Cross-Culture,0.2765267698157251,0.3711174726486206,0.0,0.1674453896169075
50,59,UK,Japan_abema,Cross-Culture,0.2765267698157251,0.3711174726486206,0.0,0.1674453896169075
50,59,UK,Japan_goat,Cross-Culture,0.2765267698157251,0.3711174726486206,0.0,0.1674453896169075
50,59,UK,UK,Same Broadcaster,0.2765267698157251,0.3711174726486206,0.0,0.1674453896169075
59,73,Brazil,Brazil,Same Broadcaster,0.2921861702218973,0.3640119731426239,0.0,0.1674453898337234
59,73,Brazil,Japan_abema,Cross-Culture,0.2921861702218973,0.3640119731426239,0.0,0.1674453898337234
59,73,Brazil,Japan_goat,Cross-Culture,0.2921861702218973,0.3640119731426239,0.0,0.1674453898337234
59,73,Brazil,UK,Cross-Culture,0.2921861702218973,0.3640119731426239,0.0,0.1674453898337234
59,73,Japan_abema,Brazil,Cross-Culture,0.2921861702218973,0.3640119731426239,0.0,0.1674453898337234
59,73,Japan_abema,Japan_abema,Same Broadcaster,0.2921861702218973,0.3640119731426239,0.0,0.1674453898337234
59,73,Japan_abema,Japan_goat,Same Language (Japan),0.2921861702218973,0.3640119731426239,0.0,0.1674453898337234
59,73,Japan_abema,UK,Cross-Culture,0.2921861702218973,0.3640119731426239,0.0,0.1674453898337234
59,73,Japan_goat,Brazil,Cross-Culture,0.2921861702218973,0.3640119731426239,0.0,0.1674453898337234
59,73,Japan_goat,Japan_abema,Same Language (Japan),0.2921861702218973,0.3640119731426239,0.0,0.1674453898337234
59,73,Japan_goat,Japan_goat,Same Broadcaster,0.2921861702218973,0.3640119731426239,0.0,0.1674453898337234
59,73,Japan_goat,UK,Cross-Culture,0.2921861702218973,0.3640119731426239,0.0,0.1674453898337234
59,73,UK,Brazil,Cross-Culture,0.2921861702218973,0.3640119731426239,0.0,0.1674453898337234
59,73,UK,Japan_abema,Cross-Culture,0.2921861702218973,0.3640119731426239,0.0,0.1674453898337234
59,73,UK,Japan_goat,Cross-Culture,0.2921861702218973,0.3640119731426239,0.0,0.1674453898337234
59,73,UK,UK,Same Broadcaster,0.2921861702218973,0.3640119731426239,0.0,0.1674453898337234
56,70,Brazil,Brazil,Same Broadcaster,0.300034960209289,0.3633619844913482,0.0,0.1674453896577912
56,70,Brazil,Japan_abema,Cross-Culture,0.300034960209289,0.3633619844913482,0.0,0.1674453896577912
56,70,Brazil,Japan_goat,Cross-Culture,0.300034960209289,0.3633619844913482,0.0,0.1674453896577912
56,70,Brazil,UK,Cross-Culture,0.300034960209289,0.3633619844913482,0.0,0.1674453896577912
56,70,Japan_abema,Brazil,Cross-Culture,0.300034960209289,0.3633619844913482,0.0,0.1674453896577912
56,70,Japan_abema,Japan_abema,Same Broadcaster,0.300034960209289,0.3633619844913482,0.0,0.1674453896577912
56,70,Japan_abema,Japan_goat,Same Language (Japan),0.300034960209289,0.3633619844913482,0.0,0.1674453896577912
56,70,Japan_abema,UK,Cross-Culture,0.300034960209289,0.3633619844913482,0.0,0.1674453896577912
56,70,Japan_goat,Brazil,Cross-Culture,0.300034960209289,0.3633619844913482,0.0,0.1674453896577912
56,70,Japan_goat,Japan_abema,Same Language (Japan),0.300034960209289,0.3633619844913482,0.0,0.1674453896577912
56,70,Japan_goat,Japan_goat,Same Broadcaster,0.300034960209289,0.3633619844913482,0.0,0.1674453896577912
56,70,Japan_goat,UK,Cross-Culture,0.300034960209289,0.3633619844913482,0.0,0.1674453896577912
56,70,UK,Brazil,Cross-Culture,0.300034960209289,0.3633619844913482,0.0,0.1674453896577912
56,70,UK,Japan_abema,Cross-Culture,0.300034960209289,0.3633619844913482,0.0,0.1674453896577912
56,70,UK,Japan_goat,Cross-Culture,0.300034960209289,0.3633619844913482,0.0,0.1674453896577912
56,70,UK,UK,Same Broadcaster,0.300034960209289,0.3633619844913482,0.0,0.1674453896577912
56,73,Brazil,Brazil,Same Broadcaster,0.2548960594882925,0.3402164578437805,0.0,0.167445389976462
56,73,Brazil,Japan_abema,Cross-Culture,0.2548960594882925,0.3402164578437805,0.0,0.167445389976462
56,73,Brazil,Japan_goat,Cross-Culture,0.2548960594882925,0.3402164578437805,0.0,0.167445389976462
56,73,Brazil,UK,Cross-Culture,0.2548960594882925,0.3402164578437805,0.0,0.167445389976462
56,73,Japan_abema,Brazil,Cross-Culture,0.2548960594882925,0.3402164578437805,0.0,0.167445389976462
56,73,Japan_abema,Japan_abema,Same Broadcaster,0.2548960594882925,0.3402164578437805,0.0,0.167445389976462
56,73,Japan_abema,Japan_goat,Same Language (Japan),0.2548960594882925,0.3402164578437805,0.0,0.167445389976462
56,73,Japan_abema,UK,Cross-Culture,0.2548960594882925,0.3402164578437805,0.0,0.167445389976462
56,73,Japan_goat,Brazil,Cross-Culture,0.2548960594882925,0.3402164578437805,0.0,0.167445389976462
56,73,Japan_goat,Japan_abema,Same Language (Japan),0.2548960594882925,0.3402164578437805,0.0,0.167445389976462
56,73,Japan_goat,Japan_goat,Same Broadcaster,0.2548960594882925,0.3402164578437805,0.0,0.167445389976462
56,73,Japan_goat,UK,Cross-Culture,0.2548960594882925,0.3402164578437805,0.0,0.167445389976462
56,73,UK,Brazil,Cross-Culture,0.2548960594882925,0.3402164578437805,0.0,0.167445389976462
56,73,UK,Japan_abema,Cross-Culture,0.2548960594882925,0.3402164578437805,0.0,0.167445389976462
56,73,UK,Japan_goat,Cross-Culture,0.2548960594882925,0.3402164578437805,0.0,0.167445389976462
56,73,UK,UK,Same Broadcaster,0.2548960594882925,0.3402164578437805,0.0,0.167445389976462
50,56,Brazil,Brazil,Same Broadcaster,0.2477310506713659,0.329980731010437,0.0,0.1674453896406009
50,56,Brazil,Japan_abema,Cross-Culture,0.2477310506713659,0.329980731010437,0.0,0.1674453896406009
50,56,Brazil,Japan_goat,Cross-Culture,0.2477310506713659,0.329980731010437,0.0,0.1674453896406009
50,56,Brazil,UK,Cross-Culture,0.2477310506713659,0.329980731010437,0.0,0.1674453896406009
50,56,Japan_abema,Brazil,Cross-Culture,0.2477310506713659,0.329980731010437,0.0,0.1674453896406009
50,56,Japan_abema,Japan_abema,Same Broadcaster,0.2477310506713659,0.329980731010437,0.0,0.1674453896406009
50,56,Japan_abema,Japan_goat,Same Language (Japan),0.2477310506713659,0.329980731010437,0.0,0.1674453896406009
50,56,Japan_abema,UK,Cross-Culture,0.2477310506713659,0.329980731010437,0.0,0.1674453896406009
50,56,Japan_goat,Brazil,Cross-Culture,0.2477310506713659,0.329980731010437,0.0,0.1674453896406009
50,56,Japan_goat,Japan_abema,Same Language (Japan),0.2477310506713659,0.329980731010437,0.0,0.1674453896406009
50,56,Japan_goat,Japan_goat,Same Broadcaster,0.2477310506713659,0.329980731010437,0.0,0.1674453896406009
50,56,Japan_goat,UK,Cross-Culture,0.2477310506713659,0.329980731010437,0.0,0.1674453896406009
50,56,UK,Brazil,Cross-Culture,0.2477310506713659,0.329980731010437,0.0,0.1674453896406009
50,56,UK,Japan_abema,Cross-Culture,0.2477310506713659,0.329980731010437,0.0,0.1674453896406009
50,56,UK,Japan_goat,Cross-Culture,0.2477310506713659,0.329980731010437,0.0,0.1674453896406009
50,56,UK,UK,Same Broadcaster,0.2477310506713659,0.329980731010437,0.0,0.1674453896406009
34,50,Brazil,Brazil,Same Broadcaster,0.2247895834896277,0.2972072064876556,0.0,0.1674453894826874
34,50,Brazil,Japan_abema,Cross-Culture,0.2247895834896277,0.2972072064876556,0.0,0.1674453894826874
34,50,Brazil,Japan_goat,Cross-Culture,0.2247895834896277,0.2972072064876556,0.0,0.1674453894826874
34,50,Brazil,UK,Cross-Culture,0.2247895834896277,0.2972072064876556,0.0,0.1674453894826874
34,50,Japan_abema,Brazil,Cross-Culture,0.2247895834896277,0.2972072064876556,0.0,0.1674453894826874
34,50,Japan_abema,Japan_abema,Same Broadcaster,0.2247895834896277,0.2972072064876556,0.0,0.1674453894826874
34,50,Japan_abema,Japan_goat,Same Language (Japan),0.2247895834896277,0.2972072064876556,0.0,0.1674453894826874
34,50,Japan_abema,UK,Cross-Culture,0.2247895834896277,0.2972072064876556,0.0,0.1674453894826874
34,50,Japan_goat,Brazil,Cross-Culture,0.2247895834896277,0.2972072064876556,0.0,0.1674453894826874
34,50,Japan_goat,Japan_abema,Same Language (Japan),0.2247895834896277,0.2972072064876556,0.0,0.1674453894826874
34,50,Japan_goat,Japan_goat,Same Broadcaster,0.2247895834896277,0.2972072064876556,0.0,0.1674453894826874
34,50,Japan_goat,UK,Cross-Culture,0.2247895834896277,0.2972072064876556,0.0,0.1674453894826874
34,50,UK,Brazil,Cross-Culture,0.2247895834896277,0.2972072064876556,0.0,0.1674453894826874
34,50,UK,Japan_abema,Cross-Culture,0.2247895834896277,0.2972072064876556,0.0,0.1674453894826874
34,50,UK,Japan_goat,Cross-Culture,0.2247895834896277,0.2972072064876556,0.0,0.1674453894826874
34,50,UK,UK,Same Broadcaster,0.2247895834896277,0.2972072064876556,0.0,0.1674453894826874
34,73,Brazil,Brazil,Same Broadcaster,0.2233166901571318,0.2951030731201172,0.0,0.167445389730498
34,73,Brazil,Japan_abema,Cross-Culture,0.2233166901571318,0.2951030731201172,0.0,0.167445389730498
34,73,Brazil,Japan_goat,Cross-Culture,0.2233166901571318,0.2951030731201172,0.0,0.167445389730498
34,73,Brazil,UK,Cross-Culture,0.2233166901571318,0.2951030731201172,0.0,0.167445389730498
34,73,Japan_abema,Brazil,Cross-Culture,0.2233166901571318,0.2951030731201172,0.0,0.167445389730498
34,73,Japan_abema,Japan_abema,Same Broadcaster,0.2233166901571318,0.2951030731201172,0.0,0.167445389730498
34,73,Japan_abema,Japan_goat,Same Language (Japan),0.2233166901571318,0.2951030731201172,0.0,0.167445389730498
34,73,Japan_abema,UK,Cross-Culture,0.2233166901571318,0.2951030731201172,0.0,0.167445389730498
34,73,Japan_goat,Brazil,Cross-Culture,0.2233166901571318,0.2951030731201172,0.0,0.167445389730498
34,73,Japan_goat,Japan_abema,Same Language (Japan),0.2233166901571318,0.2951030731201172,0.0,0.167445389730498
34,73,Japan_goat,Japan_goat,Same Broadcaster,0.2233166901571318,0.2951030731201172,0.0,0.167445389730498
34,73,Japan_goat,UK,Cross-Culture,0.2233166901571318,0.2951030731201172,0.0,0.167445389730498
34,73,UK,Brazil,Cross-Culture,0.2233166901571318,0.2951030731201172,0.0,0.167445389730498
34,73,UK,Japan_abema,Cross-Culture,0.2233166901571318,0.2951030731201172,0.0,0.167445389730498
34,73,UK,Japan_goat,Cross-Culture,0.2233166901571318,0.2951030731201172,0.0,0.167445389730498
34,73,UK,UK,Same Broadcaster,0.2233166901571318,0.2951030731201172,0.0,0.167445389730498
34,59,Brazil,Brazil,Same Broadcaster,0.2167492206515036,0.2844243049621582,0.0,0.1765220717799287
34,59,Brazil,Japan_abema,Cross-Culture,0.2167492206515036,0.2844243049621582,0.0,0.1765220717799287
34,59,Brazil,Japan_goat,Cross-Culture,0.2167492206515036,0.2844243049621582,0.0,0.1765220717799287
34,59,Brazil,UK,Cross-Culture,0.2167492206515036,0.2844243049621582,0.0,0.1765220717799287
34,59,Japan_abema,Brazil,Cross-Culture,0.2167492206515036,0.2844243049621582,0.0,0.1765220717799287
34,59,Japan_abema,Japan_abema,Same Broadcaster,0.2167492206515036,0.2844243049621582,0.0,0.1765220717799287
34,59,Japan_abema,Japan_goat,Same Language (Japan),0.2167492206515036,0.2844243049621582,0.0,0.1765220717799287
34,59,Japan_abema,UK,Cross-Culture,0.2167492206515036,0.2844243049621582,0.0,0.1765220717799287
34,59,Japan_goat,Brazil,Cross-Culture,0.2167492206515036,0.2844243049621582,0.0,0.1765220717799287
34,59,Japan_goat,Japan_abema,Same Language (Japan),0.2167492206515036,0.2844243049621582,0.0,0.1765220717799287
34,59,Japan_goat,Japan_goat,Same Broadcaster,0.2167492206515036,0.2844243049621582,0.0,0.1765220717799287
34,59,Japan_goat,UK,Cross-Culture,0.2167492206515036,0.2844243049621582,0.0,0.1765220717799287
34,59,UK,Brazil,Cross-Culture,0.2167492206515036,0.2844243049621582,0.0,0.1765220717799287
34,59,UK,Japan_abema,Cross-Culture,0.2167492206515036,0.2844243049621582,0.0,0.1765220717799287
34,59,UK,Japan_goat,Cross-Culture,0.2167492206515036,0.2844243049621582,0.0,0.1765220717799287
34,59,UK,UK,Same Broadcaster,0.2167492206515036,0.2844243049621582,0.0,0.1765220717799287
5,34,Brazil,Brazil,Same Broadcaster,0.212804162292839,0.2800851762294769,0.0,0.1674453893220516
5,34,Brazil,Japan_abema,Cross-Culture,0.212804162292839,0.2800851762294769,0.0,0.1674453893220516
5,34,Brazil,Japan_goat,Cross-Culture,0.212804162292839,0.2800851762294769,0.0,0.1674453893220516
5,34,Brazil,UK,Cross-Culture,0.212804162292839,0.2800851762294769,0.0,0.1674453893220516
5,34,Japan_abema,Brazil,Cross-Culture,0.212804162292839,0.2800851762294769,0.0,0.1674453893220516
5,34,Japan_abema,Japan_abema,Same Broadcaster,0.212804162292839,0.2800851762294769,0.0,0.1674453893220516
5,34,Japan_abema,Japan_goat,Same Language (Japan),0.212804162292839,0.2800851762294769,0.0,0.1674453893220516
5,34,Japan_abema,UK,Cross-Culture,0.212804162292839,0.2800851762294769,0.0,0.1674453893220516
5,34,Japan_goat,Brazil,Cross-Culture,0.212804162292839,0.2800851762294769,0.0,0.1674453893220516
5,34,Japan_goat,Japan_abema,Same Language (Japan),0.212804162292839,0.2800851762294769,0.0,0.1674453893220516
5,34,Japan_goat,Japan_goat,Same Broadcaster,0.212804162292839,0.2800851762294769,0.0,0.1674453893220516
5,34,Japan_goat,UK,Cross-Culture,0.212804162292839,0.2800851762294769,0.0,0.1674453893220516
5,34,UK,Brazil,Cross-Culture,0.212804162292839,0.2800851762294769,0.0,0.1674453893220516
5,34,UK,Japan_abema,Cross-Culture,0.212804162292839,0.2800851762294769,0.0,0.1674453893220516
5,34,UK,Japan_goat,Cross-Culture,0.212804162292839,0.2800851762294769,0.0,0.1674453893220516
5,34,UK,UK,Same Broadcaster,0.212804162292839,0.2800851762294769,0.0,0.1674453893220516
6,34,Brazil,Brazil,Same Broadcaster,0.1957352042198181,0.2796217203140259,0.0,0.0
6,34,Brazil,Japan_abema,Cross-Culture,0.1957352042198181,0.2796217203140259,0.0,0.0
6,34,Brazil,Japan_goat,Cross-Culture,0.1957352042198181,0.2796217203140259,0.0,0.0
6,34,Brazil,UK,Cross-Culture,0.1957352042198181,0.2796217203140259,0.0,0.0
6,34,Japan_abema,Brazil,Cross-Culture,0.1957352042198181,0.2796217203140259,0.0,0.0
6,34,Japan_abema,Japan_abema,Same Broadcaster,0.1957352042198181,0.2796217203140259,0.0,0.0
6,34,Japan_abema,Japan_goat,Same Language (Japan),0.1957352042198181,0.2796217203140259,0.0,0.0
6,34,Japan_abema,UK,Cross-Culture,0.1957352042198181,0.2796217203140259,0.0,0.0
6,34,Japan_goat,Brazil,Cross-Culture,0.1957352042198181,0.2796217203140259,0.0,0.0
6,34,Japan_goat,Japan_abema,Same Language (Japan),0.1957352042198181,0.2796217203140259,0.0,0.0
6,34,Japan_goat,Japan_goat,Same Broadcaster,0.1957352042198181,0.2796217203140259,0.0,0.0
6,34,Japan_goat,UK,Cross-Culture,0.1957352042198181,0.2796217203140259,0.0,0.0
6,34,UK,Brazil,Cross-Culture,0.1957352042198181,0.2796217203140259,0.0,0.0
6,34,UK,Japan_abema,Cross-Culture,0.1957352042198181,0.2796217203140259,0.0,0.0
6,34,UK,Japan_goat,Cross-Culture,0.1957352042198181,0.2796217203140259,0.0,0.0
6,34,UK,UK,Same Broadcaster,0.1957352042198181,0.2796217203140259,0.0,0.0
34,56,Brazil,Brazil,Same Broadcaster,0.1935929206760657,0.2526405453681946,0.0,0.1674453891832951
34,56,Brazil,Japan_abema,Cross-Culture,0.1935929206760657,0.2526405453681946,0.0,0.1674453891832951
34,56,Brazil,Japan_goat,Cross-Culture,0.1935929206760657,0.2526405453681946,0.0,0.1674453891832951
34,56,Brazil,UK,Cross-Culture,0.1935929206760657,0.2526405453681946,0.0,0.1674453891832951
34,56,Japan_abema,Brazil,Cross-Culture,0.1935929206760657,0.2526405453681946,0.0,0.1674453891832951
34,56,Japan_abema,Japan_abema,Same Broadcaster,0.1935929206760657,0.2526405453681946,0.0,0.1674453891832951
34,56,Japan_abema,Japan_goat,Same Language (Japan),0.1935929206760657,0.2526405453681946,0.0,0.1674453891832951
34,56,Japan_abema,UK,Cross-Culture,0.1935929206760657,0.2526405453681946,0.0,0.1674453891832951
34,56,Japan_goat,Brazil,Cross-Culture,0.1935929206760657,0.2526405453681946,0.0,0.1674453891832951
34,56,Japan_goat,Japan_abema,Same Language (Japan),0.1935929206760657,0.2526405453681946,0.0,0.1674453891832951
34,56,Japan_goat,Japan_goat,Same Broadcaster,0.1935929206760657,0.2526405453681946,0.0,0.1674453891832951
34,56,Japan_goat,UK,Cross-Culture,0.1935929206760657,0.2526405453681946,0.0,0.1674453891832951
34,56,UK,Brazil,Cross-Culture,0.1935929206760657,0.2526405453681946,0.0,0.1674453891832951
34,56,UK,Japan_abema,Cross-Culture,0.1935929206760657,0.2526405453681946,0.0,0.1674453891832951
34,56,UK,Japan_goat,Cross-Culture,0.1935929206760657,0.2526405453681946,0.0,0.1674453891832951
34,56,UK,UK,Same Broadcaster,0.1935929206760657,0.2526405453681946,0.0,0.1674453891832951
